"SpeciesOriginal";"Species";"Status";"cryptogenic";"data-deficient";"non-indigenous"
"Abudefduf vaigiensis (Quoy & Gaimard, 1825)";"Abudefduf vaigiensis";"non-indigenous";;;"IT"
"Acanthaster planci (Linnaeus, 1758)";"Acanthaster planci";"non-indigenous";;;"FR"
"Acanthophora nayadiformis (Delile) Papenfuss, 1968";"Acanthophora nayadiformis";"cryptogenic";"CY,FR,EL,IT,MT";;
"Acanthurus coeruleus Bloch & Schneider, 1801";"Acanthurus coeruleus";"non-indigenous";;;"CY"
"Acanthurus monroviae Steindachner, 1876";"Acanthurus monroviae";"non-indigenous";;;"PT"
"Acartia (Acanthacartia) tonsa Dana, 1849";"Acartia (Acanthacartia) tonsa";"non-indigenous";;;"BE,BG,DK,EE,FI,FR,DE,EL,IT,LV,LT,NL,PL,PT,RO,ES,SE,UK"
"Acartia (Acartiura) margalefi Alcaraz, 1976";"Acartia (Acartiura) margalefi";"data-deficient";;"UK";
"Acartia (Acartiura) omorii Bradford, 1976";"Acartia (Acartiura) omorii";"non-indigenous";;;"FR"
"Acipenser baerii Brandt, 1869";"Acipenser baerii";"non-indigenous";;;"EE,DE,PL"
"Acipenser gueldenstaedtii Brandt & Ratzeburg, 1833";"Acipenser gueldenstaedtii";"non-indigenous";;;"EE,DE,LV,PL,SE"
"Acipenser ruthenus Linnaeus, 1758";"Acipenser ruthenus";"non-indigenous";;;"DK,LV,SE"
"Acipenser stellatus Pallas, 1771";"Acipenser stellatus";"non-indigenous";;;"DK"
"Acipenser transmontanus Richardson, 1836";"Acipenser transmontanus";"non-indigenous";;;"DE"
"Acrochaetium catenulatum M.A.Howe, 1914";"Acrochaetium catenulatum";"non-indigenous";;;"NL"
"Acromegalomma claparedei (Gravier, 1906)";"Acromegalomma claparedei";"data-deficient";;"IT";
"Acrothamnion preissii (Sonder) E.M.Wollaston, 1968";"Acrothamnion preissii";"non-indigenous";;;"HR,FR,IT,PT,ES"
"Acrothrix gracilis Kylin, 1907";"Acrothrix gracilis";"non-indigenous";;;"FR"
"Acteocina mucronata (Philippi, 1849)";"Acteocina mucronata";"non-indigenous";;;"CY,EL"
"Actumnus globulus Heller, 1861";"Actumnus globulus";"non-indigenous";;;"IT"
"Aetea anguina (Linnaeus, 1758)";"Aetea anguina";"non-indigenous";;;"ES"
"Aetea ligulata Busk, 1852";"Aetea ligulata";"non-indigenous";;;"ES"
"Aetea longicollis (Jullien, 1903)";"Aetea longicollis";"non-indigenous";;;"ES"
"Aetea sica (Couch, 1844)";"Aetea sica";"non-indigenous";;;"ES"
"Aetea truncata (Landsborough, 1852)";"Aetea truncata";"non-indigenous";;;"ES"
"Agardhiella subulata (C.Agardh) Kraft & M.J.Wynne, 1979";"Agardhiella subulata";"non-indigenous";;;"FR,IT,NL,UK"
"Aglaothamnion cordatum (Børgesen) Feldmann-Mazoyer 1941";"Aglaothamnion cordatum";"non-indigenous";;;"PT"
"Aglaothamnion feldmanniae Halos, 1965";"Aglaothamnion feldmanniae";"non-indigenous";;;"FR,IT,ES"
"Aglaothamnion halliae (F.S.Collins) N.E.Aponte, D.L.Ballantine & J.N.Norris, 1997";"Aglaothamnion halliae";"non-indigenous";;;"DK,DE,SE"
"Agonus cataphractus (Linnaeus, 1758)";"Agonus cataphractus";"non-indigenous";;;"IT"
"Ahnfeltiopsis flabelliformis (Harvey) Masuda, 1993";"Ahnfeltiopsis flabelliformis";"non-indigenous";;;"FR"
"Aiptasia diaphana (Rapp, 1829)";"Aiptasia diaphana";"non-indigenous";;;"PT"
"Akashiwo sanguinea (K.Hirasaka) G.Hansen & Ø.Moestrup, 2000";"Akashiwo sanguinea";"non-indigenous";;;"DK"
"Alepes djedaba (Forsskål, 1775)";"Alepes djedaba";"non-indigenous";;;"CY,EL,MT"
"Alexandrium affine (H.Inoue & Y.Fukuyo) Balech, 1995";"Alexandrium affine";"non-indigenous";;;"FR"
"Alexandrium catenella (Whedon & Kofoid) Balech, 1985";"Alexandrium catenella";"non-indigenous";;;"FR,IT,RO,ES"
"Alexandrium leei Balech, 1985";"Alexandrium leei";"non-indigenous";;;"DK,FR,NL"
"Alexandrium margalefii Balech, 1994";"Alexandrium margalefii";"non-indigenous";;;"DK"
"Alexandrium minutum Halim, 1960";"Alexandrium minutum";"cryptogenic";"HR,DK,FR,DE,IE,SE";;
"Alexandrium monilatum (J.F.Howell) Balech, 1995";"Alexandrium monilatum";"non-indigenous";;;"BG"
"Alexandrium ostenfeldii (Paulsen) Balech & Tangen, 1985";"Alexandrium ostenfeldii";"non-indigenous";;;"PL,RO"
"Alexandrium tamarense (Lebour, 1925) Balech, 1995";"Alexandrium tamarense";"cryptogenic/data-deficient";"DK,DE,IE,NL,UK";"BG,HR";
"Alexandrium taylori Balech, 1994";"Alexandrium taylori";"cryptogenic";"ES";;
"Alitta succinea (Leuckart, 1847)";"Alitta succinea";"cryptogenic";"DK";;
"Alitta virens (M. Sars, 1835)";"Alitta virens";"cryptogenic";"NL";;
"Alkmaria romijni Horst, 1919";"Alkmaria romijni";"cryptogenic";"DK,PL,SE";;
"Alloeocarpa loculosa Monniot C., 1974";"Alloeocarpa loculosa";"non-indigenous";;;"PT"
"Alpheus rapacida de Man, 1908";"Alpheus rapacida";"non-indigenous";;;"EL"
"Alvania dorbignyi (Audouin, 1826)";"Alvania dorbignyi";"cryptogenic";"CY";;
"Amathia gracilis (Leidy, 1855)";"Amathia gracilis";"cryptogenic";"UK";;
"Amathia verticillata (delle Chiaje, 1822)";"Amathia verticillata";"non-indigenous";;;"HR,FR,EL,IT,MT,PT,ES"
"Ameira divagans divagans Nicholls, 1939";"Ameira divagans";"data-deficient";;"DE";
"Ammothea hilgendorfi (Böhm, 1879)";"Ammothea hilgendorfi";"non-indigenous";;;"IT,UK"
"Ampelisca cavicoxa Reid, 1951";"Ampelisca cavicoxa";"non-indigenous";;;"ES"
"Ampelisca heterodactyla Schellenberg, 1925";"Ampelisca heterodactyla";"non-indigenous";;;"PT,ES"
"Amphibalanus amphitrite (Darwin, 1854)";"Amphibalanus amphitrite";"non-indigenous";;;"BE,FR,DE,NL,PT,ES,UK"
"Amphibalanus eburneus (Gould, 1841)";"Amphibalanus eburneus";"non-indigenous";;;"BG,HR,FR,EL,IT,NL,PT,RO,SI"
"Amphibalanus improvisus (Darwin, 1854)";"Amphibalanus improvisus";"cryptogenic";"BE,BG,HR,DK,EE,FI,FR,DE,IE,IT,LV,LT,NL,PL,RO,ES,SE,UK";;
"Amphibalanus reticulatus (Utinomi, 1967)";"Amphibalanus reticulatus";"non-indigenous";;;"BE,FR"
"Amphibalanus variegatus (Darwin, 1854)";"Amphibalanus variegatus";"non-indigenous";;;"BE,FR"
"Amphistegina cf. papillosa Said, 1949";"Amphistegina cf. papillosa";"non-indigenous";;;"IT"
"Amphistegina lessonii d'Orbigny in Guérin-Méneville, 1832";"Amphistegina lessonii";"non-indigenous";;;"IT"
"Amphistegina lobifera Larsen 1976";"Amphistegina lobifera";"non-indigenous";;;"IT"
"Amphistegina lobifera Larsen, 1976";"Amphistegina lobifera";"non-indigenous";;;"CY,EL,MT"
"Amphogona pusilla Hartlaub, 1909";"Amphogona pusilla";"data-deficient/non-indigenous";;"IT";"FR"
"Ampithoe valida Smith, 1873";"Ampithoe valida";"non-indigenous";;;"FR,PT"
"Anadara kagoshimensis (Tokunaga, 1906)";"Anadara kagoshimensis";"non-indigenous";;;"BG,HR,IT,RO,SI,ES"
"Anadara transversa (Say, 1822)";"Anadara transversa";"non-indigenous";;;"HR,EL,IT,SI,ES"
"Anomia chinensis Philippi, 1849";"Anomia chinensis";"data-deficient";;"FR";
"Anomia ephippium Linnaeus, 1758";"Anomia ephippium";"non-indigenous";;;"NL"
"Anoplodactylus californicus Hall, 1912";"Anoplodactylus californicus";"non-indigenous";;;"IT"
"Anotrichium furcellatum (J.Agardh) Baldock, 1976";"Anotrichium furcellatum";"cryptogenic/non-indigenous";"FR,EL,PT,ES";;"NL,UK"
"Anteaeolidiella foulisi (Angas, 1864) complex";"Anteaeolidiella foulisi";"data-deficient";;"IT";
"Anteaeolidiella lurana (Ev. Marcus & Er. Marcus, 1967)";"Anteaeolidiella lurana";"non-indigenous";;;"MT"
"Antithamnion amphigeneum A.J.K.Millar, 1990";"Antithamnion amphigeneum";"non-indigenous";;;"FR,IT,PT,ES"
"Antithamnion densum (Suhr) M.A.Howe, 1914";"Antithamnion densum";"non-indigenous";;;"IE,PT,ES,UK"
"Antithamnion densum (Suhr) M.Howe";"Antithamnion densum";"non-indigenous";;;"FR"
"Antithamnion diminuatum Wollaston, 1968";"Antithamnion diminuatum";"non-indigenous";;;"PT,ES"
"Antithamnion hubbsii E.Y.Dawson, 1962";"Antithamnion hubbsii";"non-indigenous";;;"FR,IT,PT,ES"
"Antithamnionella boergesenii (Cormaci & G.Furnari) Athanasiadis, 1996";"Antithamnionella boergesenii";"cryptogenic";"FR,ES";;
"Antithamnionella elegans (Berthold) J.H.Price & D.M.John";"Antithamnionella elegans";"cryptogenic";"EL";;
"Antithamnionella elegans (Berthold) J.H.Price & D.M.John, 1986";"Antithamnionella elegans";"cryptogenic";"FR,IT,ES";;
"Antithamnionella spirographidis (Schiffner) E.M.Wollaston, 1968";"Antithamnionella spirographidis";"cryptogenic/data-deficient";"BE,FR,EL,IE,IT,NL,PT,ES,UK";"HR";
"Antithamnionella sublittoralis (Setchell & Gardner) Athanasiadis, 1996";"Antithamnionella sublittoralis";"data-deficient";;"IT";
"Antithamnionella ternifolia (Hooker fil. & Harvey) Lyle";"Antithamnionella ternifolia";"non-indigenous";;;"FR"
"Antithamnionella ternifolia (J.D.Hooker & Harvey) Lyle, 1922";"Antithamnionella ternifolia";"non-indigenous";;;"BE,DE,IE,NL,PT,ES,UK"
"Apanthura sandalensis Stebbing, 1900";"Apanthura sandalensis";"non-indigenous";;;"CY"
"Apedinella radians (Lohmann) P.H.Campbell, 1973";"Apedinella radians";"non-indigenous";;;"BG,RO"
"Aphelochaeta marioni (Saint-Joseph, 1894)";"Aphelochaeta marioni";"cryptogenic";"DK";;
"Apionsoma (Apionsoma) misakianum (Ikeda, 1904)";"Apionsoma (Apionsoma) misakianum";"non-indigenous";;;"MT"
"Aplidium glabrum (Verrill, 1871)";"Aplidium glabrum";"cryptogenic";"DE,NL";;
"Aplidium pallidum (Verrill, 1871)";"Aplidium pallidum";"cryptogenic";"IT";;
"Aplus dorbignyi (Payraudeau, 1826)";"Aplus dorbignyi";"non-indigenous";;;"PT"
"Aplysia dactylomela Rang, 1828";"Aplysia dactylomela";"cryptogenic";"HR,CY,EL,IT,MT,PT,ES";;
"Aplysia parvula Mörch, 1863";"Aplysia parvula";"cryptogenic";"HR,EL,IT,MT";;
"Apoglossum gregarium (E.Y.Dawson) M.J.Wynne";"Apoglossum gregarium";"cryptogenic";"FR";;
"Apoglossum gregarium (E.Y.Dawson) M.J.Wynne, 1985";"Apoglossum gregarium";"cryptogenic";"EL,IT,ES";;
"Apogonichthyoides pharaonis (Bellotti, 1874)";"Apogonichthyoides pharaonis";"non-indigenous";;;"CY,EL"
"Aquilonastra burtoni (Gray, 1840)";"Aquilonastra burtoni";"non-indigenous";;;"CY"
"Arachnoidella protecta Harmer, 1915";"Arachnoidella protecta";"non-indigenous";;;"IT,ES"
"Arbopercula tenella (Hincks, 1880)";"Arbopercula tenella";"non-indigenous";;;"IT"
"Arctapodema australis (Vanhöffen, 1912)";"Arctapodema australis";"data-deficient/non-indigenous";;"FR";"HR"
"Arcuatula senhousia (Benson, 1842)";"Arcuatula senhousia";"non-indigenous";;;"HR,FR,IT,RO,SI"
"Arhynchite arhynchite (Ikeda, 1924)";"Arhynchite arhynchite";"non-indigenous";;;"FR"
"Arietellus pavoninus Sars G.O., 1905";"Arietellus pavoninus";"non-indigenous";;;"HR,EL"
"Artemia franciscana Kellog, 1906";"Artemia franciscana";"non-indigenous";;;"IT,PT"
"Ascidia interrupta Heller, 1878";"Ascidia interrupta";"non-indigenous";;;"PT"
"Ascidiella aspersa (Müller, 1776)";"Ascidiella aspersa";"non-indigenous";;;"EL"
"Asclerocheilus ashworthi Blake, 1981";"Asclerocheilus ashworthi";"data-deficient";;"ES";
"Ascophyllum nodosum (Linnaeus) Le Jolis, 1863";"Ascophyllum nodosum";"non-indigenous";;;"IT"
"Asparagopsis armata Harvey, 1855";"Asparagopsis armata";"data-deficient/non-indigenous";;"PT";"HR,CY,FR,EL,IE,IT,SI,ES,UK"
"Asparagopsis taxiformis (Delile) Trevisan de Saint-Léon, 1845";"Asparagopsis taxiformis";"non-indigenous";;;"HR,FR,EL,IT,MT,PT,ES"
"Aspidosiphon (Akrikos) mexicanus (Murina, 1967)";"Aspidosiphon (Akrikos) mexicanus";"cryptogenic";"HR,EL,MT";;
"Asterocarpa humilis (Heller, 1878)";"Asterocarpa humilis";"non-indigenous";;;"IE,UK"
"Atactodea striata (Gmelin, 1791)";"Atactodea striata";"non-indigenous";;;"MT"
"Atergatis roseus (Rüppell, 1830)";"Atergatis roseus";"non-indigenous";;;"EL"
"Atherina boyeri Risso, 1810";"Atherina boyeri";"non-indigenous";;;"UK"
"Atherinomorus forskalii (Rüppell, 1838)";"Atherinomorus forskalii";"non-indigenous";;;"CY,EL"
"Atys macandrewii E. A. Smith, 1872";"Atys macandrewii";"cryptogenic";"MT";;
"Aulacomya atra (Molina, 1782)";"Aulacomya atra";"non-indigenous";;;"UK"
"Aurelia coerulea von Lendenfeld, 1884";"Aurelia coerulea";"data-deficient/non-indigenous";;"FR";"IT,ES"
"Aurelia solida Browne, 1905";"Aurelia solida";"data-deficient";;"FR";
"Austrominius modestus (Darwin, 1854)";"Austrominius modestus";"data-deficient/non-indigenous";;"IT";"BE,DK,FR,DE,IE,NL,PT,ES,SE,UK"
"Bacteriastrum hyalinum Lauder, 1864";"Bacteriastrum hyalinum";"cryptogenic";"BG,DK,RO,UK";;
"Balanus balanus (Linnaeus, 1758)";"Balanus balanus";"non-indigenous";;;"NL"
"Balanus trigonus Darwin, 1854";"Balanus trigonus";"non-indigenous";;;"BE,HR,FR,EL,IT,PT,SI,ES"
"Bankia fimbriatula Moll & Roch, 1931";"Bankia fimbriatula";"non-indigenous";;;"IE"
"Barentsia ramosa (Robertson, 1900)";"Barentsia ramosa";"non-indigenous";;;"BE,NL"
"Beania mirabilis Johnston, 1840";"Beania mirabilis";"non-indigenous";;;"ES"
"Bedeva paivae (Crosse, 1864)";"Bedeva paivae";"cryptogenic";"PT";;
"Beroe ovata Bruguière, 1789";"Beroe ovata";"non-indigenous";;;"BG,DK,EL,RO"
"Biddulphia longicruris var. longicruris Greville, 1859";"Biddulphia longicruris var. longicruris";"non-indigenous";;;"NL"
"Biddulphia rhombus (Ehrenberg) W.Smith, 1854";"Biddulphia rhombus";"non-indigenous";;;"DK"
"Biddulphia sinensis Greville, 1866";"Biddulphia sinensis";"non-indigenous";;;"BE,DK,FR,DE,IE,NL,PL,PT,SE,UK"
"Bispira polyomma Giangrande & Faasse, 2012";"Bispira polyomma";"non-indigenous";;;"NL"
"Biuve fulvipunctata (Baba, 1938)";"Biuve fulvipunctata";"non-indigenous";;;"CY,MT"
"Bivetiella cancellata (Linnaeus, 1767)";"Bivetiella cancellata";"non-indigenous";;;"ES"
"Blackfordia virginica Mayer, 1910";"Blackfordia virginica";"non-indigenous";;;"FR,PT,ES"
"Boccardia polybranchia (Haswell, 1885)";"Boccardia polybranchia";"data-deficient";;"EL,UK";
"Boccardia proboscidea Hartman, 1940";"Boccardia proboscidea";"non-indigenous";;;"BE,ES"
"Boccardia semibranchiata Guérin, 1990";"Boccardia semibranchiata";"non-indigenous";;;"FR,ES"
"Boccardiella ligerica (Ferronnière, 1898)";"Boccardiella ligerica";"cryptogenic";"BE,FI,FR,DE,NL,ES";;
"Bonnemaisonia hamifera Hariot, 1891";"Bonnemaisonia hamifera";"non-indigenous";;;"DK,FR,DE,IE,IT,NL,PT,SI,ES,SE,UK"
"Bostrycapulus odites Collin, 2005";"Bostrycapulus odites";"non-indigenous";;;"ES"
"Botrylloides diegensis Ritter & Forsyth, 1917";"Botrylloides diegensis";"non-indigenous";;;"UK"
"Botrylloides leachii (Savigny, 1816)";"Botrylloides leachii";"cryptogenic";"EL,ES,UK";;
"Botrylloides violaceus Oka, 1927";"Botrylloides violaceus";"non-indigenous";;;"BE,FR,DE,IE,IT,NL,PT,ES,UK"
"Botryllus schlosseri (Pallas, 1766)";"Botryllus schlosseri";"cryptogenic/non-indigenous";"EL,UK";;"PT,ES"
"Botryocladia madagascariensis G.Feldmann";"Botryocladia madagascariensis";"non-indigenous";;;"CY"
"Botryocladia madagascariensis G.Feldmann, 1945";"Botryocladia madagascariensis";"non-indigenous";;;"EL,IT,MT"
"Botrytella parva (Takamatsu) H.S.Kim, 1996";"Botrytella parva";"non-indigenous";;;"IT"
"Bougainvillia macloviana Lesson, 1830";"Bougainvillia macloviana";"non-indigenous";;;"DE"
"Brachidontes exustus (Linnaeus, 1758)";"Brachidontes exustus";"cryptogenic";"IE,UK";;
"Brachidontes pharaonis (P. Fischer, 1870)";"Brachidontes pharaonis";"non-indigenous";;;"HR,CY,FR,EL,IT,MT"
"Brachynotus sexdentatus (Risso, 1827)";"Brachynotus sexdentatus";"non-indigenous";;;"FR,UK"
"Branchiomma boholense (Grube, 1878)";"Branchiomma boholense";"data-deficient/non-indigenous";;"MT";"IT"
"Branchiomma bombyx (Dalyell, 1853)";"Branchiomma bombyx";"non-indigenous";;;"NL"
"Branchiomma luctuosum (Grube, 1870)";"Branchiomma luctuosum";"non-indigenous";;;"CY,EL,IT,ES"
"Bregmaceros nectabanus Whitley, 1941";"Bregmaceros nectabanus";"data-deficient";;"IT";
"Bugula neritina (Linnaeus, 1758)";"Bugula neritina";"cryptogenic";"BE,FR,DE,EL,IE,IT,NL,PT,ES,UK";;
"Bugulina fulva (Ryland, 1960)";"Bugulina fulva";"cryptogenic";"HR,FR,EL,PT,ES,UK";;
"Bugulina simplex (Hincks, 1886)";"Bugulina simplex";"non-indigenous";;;"BE,FR,IE,NL,PT,ES,UK"
"Bugulina stolonifera (Ryland, 1960)";"Bugulina stolonifera";"cryptogenic";"BE,FR,DE,NL,PT,ES,UK";;
"Bulla arabica Malaquias & Reid, 2008";"Bulla arabica";"non-indigenous";;;"CY,EL"
"Bursatella leachii Blainville, 1817";"Bursatella leachii";"cryptogenic";"HR,EL,IT,MT,SI,ES";;
"Calanopia elliptica (Dana, 1849)";"Calanopia elliptica";"non-indigenous";;;"EL,IT"
"Calappa pelii Herklots, 1851";"Calappa pelii";"non-indigenous";;;"EL,IT,ES"
"Callinectes danae Smith, 1869";"Callinectes danae";"non-indigenous";;;"IT"
"Callinectes sapidus Rathbun, 1896";"Callinectes sapidus";"non-indigenous";;;"BE,BG,HR,CY,DK,FR,DE,EL,IT,NL,PT,RO,ES,UK"
"Callionymus filamentosus Valenciennes, 1837";"Callionymus filamentosus";"non-indigenous";;;"EL"
"Calliostoma zizyphinum (Linnaeus, 1758)";"Calliostoma zizyphinum";"non-indigenous";;;"NL"
"Calma gobioophaga Calado & Urgorri, 2002";"Calma gobioophaga";"cryptogenic";"HR";;
"Calyptraea chinensis (Linnaeus, 1758)";"Calyptraea chinensis";"non-indigenous";;;"IE,NL,UK"
"Capitellethus dispar (Ehlers, 1907)";"Capitellethus dispar";"data-deficient";;"BG,EL";
"Caprella mutica Schurin, 1935";"Caprella mutica";"non-indigenous";;;"BE,DK,DE,IE,NL,ES,SE,UK"
"Caprella scaura Templeton, 1836";"Caprella scaura";"non-indigenous";;;"EL,IT,PT,ES"
"Carassius gibelio (Bloch, 1782)";"Carassius gibelio";"non-indigenous";;;"EE,FI,LV,LT,PL"
"Carcinus maenas (Linnaeus, 1758)";"Carcinus maenas";"non-indigenous";;;"FI"
"Carupa tenuipes Dana, 1852";"Carupa tenuipes";"non-indigenous";;;"EL"
"Cassiopea andromeda (Forsskål, 1775)";"Cassiopea andromeda";"non-indigenous";;;"CY,EL,MT"
"Catenicella paradoxa Rosso, 2009";"Catenicella paradoxa";"cryptogenic";"IT";;
"Caulacanthus okamurae Yamada, 1933";"Caulacanthus okamurae";"non-indigenous";;;"FR,UK"
"Caulerpa chemnitzia (Esper) J.V.Lamououx, 1809";"Caulerpa chemnitzia";"cryptogenic";"CY";;
"Caulerpa cylindracea Sonder, 1845";"Caulerpa cylindracea";"non-indigenous";;;"HR,CY,FR,EL,IT,MT,ES"
"Caulerpa lamourouxii (Turner) C.Agardh, 1817";"Caulerpa lamourouxii";"non-indigenous";;;"CY,EL"
"Caulerpa taxifolia (M.Vahl) C.Agardh, 1817";"Caulerpa taxifolia";"non-indigenous";;;"HR,FR,IT,ES"
"Caulerpa taxifolia var. distichophylla (Sonder) Verlaque, Huisman & Procaccini, 2013";"Caulerpa taxifolia var. distichophylla";"non-indigenous";;;"CY,EL,IT"
"Caulerpa webbiana Montagne, 1837";"Caulerpa webbiana";"non-indigenous";;;"PT"
"Caulibugula zanzibariensis (Waters, 1913)";"Caulibugula zanzibariensis";"non-indigenous";;;"FR"
"Caulleriella viridis (Langerhans, 1881)";"Caulleriella viridis";"non-indigenous";;;"EL"
"Celleporaria aperta (Hincks, 1882)";"Celleporaria aperta";"non-indigenous";;;"MT"
"Celleporaria brunnea (Hincks, 1884)";"Celleporaria brunnea";"non-indigenous";;;"IT"
"Celleporaria pilaefera (Canu & Bassler, 1929)";"Celleporaria pilaefera";"non-indigenous";;;"MT"
"Celleporella carolinensis Ryland, 1979";"Celleporella carolinensis";"non-indigenous";;;"IT"
"Celtodoryx ciocalyptoides (Burton, 1935)";"Celtodoryx ciocalyptoides";"non-indigenous";;;"FR,NL"
"Centropages furcatus (Dana, 1849)";"Centropages furcatus";"non-indigenous";;;"EL"
"Cephalopholis hemistiktos (Rüppell, 1830)";"Cephalopholis hemistiktos";"non-indigenous";;;"MT"
"Cephalopholis taeniops (Valenciennes, 1828)";"Cephalopholis taeniops";"non-indigenous";;;"IT"
"Cephalothrix simula Iwata, 1952";"Cephalothrix simula";"non-indigenous";;;"ES"
"Ceramium bisporum D.L.Ballantine, 1990";"Ceramium bisporum";"non-indigenous";;;"EL"
"Ceramium cimbricum H.E.Petersen, 1924";"Ceramium cimbricum";"cryptogenic";"DE";;
"Ceramium cingulatum Weber-van Bosse, 1923";"Ceramium cingulatum";"non-indigenous";;;"PT,ES"
"Ceramium graecum Lazaridou & Boudouresque, 1992";"Ceramium graecum";"cryptogenic";"EL";;
"Ceramium strobiliforme G.W.Lawson & D.M.John, 1982";"Ceramium strobiliforme";"data-deficient/non-indigenous";;"EL";"IT"
"Ceratonereis mirabilis Kinberg, 1865";"Ceratonereis mirabilis";"non-indigenous";;;"CY"
"Cercopagis (Cercopagis) pengoi (Ostroumov, 1891)";"Cercopagis (Cercopagis) pengoi";"non-indigenous";;;"EE,FI,DE,LV,LT,PL,SE"
"Cereus pedunculatus (Pennant, 1777)";"Cereus pedunculatus";"non-indigenous";;;"DE"
"Cerithidium perparvulum (R. B. Watson, 1886)";"Cerithidium perparvulum";"non-indigenous";;;"CY"
"Cerithiopsis pulvis (Issel, 1869)";"Cerithiopsis pulvis";"non-indigenous";;;"CY"
"Cerithiopsis tenthrenois (Melvill, 1896)";"Cerithiopsis tenthrenois";"non-indigenous";;;"CY,EL"
"Cerithium scabridum Philippi, 1848";"Cerithium scabridum";"non-indigenous";;;"CY,EL,IT,MT,ES"
"Chaetoceros bacteriastroides G.H.H.Karsten, 1907";"Chaetoceros bacteriastroides";"non-indigenous";;;"IT"
"Chaetoceros cf. lorenzianus Grunow";"Chaetoceros cf.";"non-indigenous";;;"DE,LT,PL"
"Chaetoceros circinalis (Meunier) K.G. Jensen & Moestrup";"Chaetoceros circinalis";"non-indigenous";;;"DK"
"Chaetoceros concavicornis Mangin, 1917";"Chaetoceros concavicornis";"non-indigenous";;;"DK"
"Chaetoceros peruvianus Brightwell";"Chaetoceros peruvianus";"non-indigenous";;;"DK,RO,SE"
"Chaetopleura angulata (Spengler, 1797)";"Chaetopleura angulata";"non-indigenous";;;"PT,ES"
"Chaetozone corona Berkeley & Berkeley, 1941";"Chaetozone corona";"non-indigenous";;;"EL,IT"
"Chalinula loosanoffi (Hartman, 1958)";"Chalinula loosanoffi";"non-indigenous";;;"DE,IE,NL"
"Chama asperella Lamarck, 1819";"Chama asperella";"non-indigenous";;;"CY,EL"
"Chama pacifica Broderip, 1835";"Chama pacifica";"non-indigenous";;;"CY,EL"
"Chara connivens P.Salzmann ex A.Braun, 1835";"Chara connivens";"non-indigenous";;;"EE,FI,DE,LV,SE"
"Charybdis (Charybdis) feriata (Linnaeus, 1758)";"Charybdis (Charybdis) feriata";"non-indigenous";;;"ES"
"Charybdis (Charybdis) hellerii (A. Milne-Edwards, 1867)";"Charybdis (Charybdis) hellerii";"non-indigenous";;;"CY,EL"
"Charybdis (Charybdis) japonica (A. Milne-Edwards, 1861)";"Charybdis (Charybdis) japonica";"non-indigenous";;;"IT"
"Charybdis (Charybdis) lucifera (Fabricius, 1798)";"Charybdis (Charybdis) lucifera";"non-indigenous";;;"IT"
"Charybdis (Goniohellenus) longicollis Leene, 1938";"Charybdis (Goniohellenus) longicollis";"non-indigenous";;;"CY,EL"
"Chattonella marina (Subrahmanyan) Hara & Chihara, 1982";"Chattonella marina";"non-indigenous";;;"DE"
"Chelicorophium curvispinum (G.O. Sars, 1895)";"Chelicorophium curvispinum";"non-indigenous";;;"EE,DE,LT,NL,UK"
"Chilomycterus reticulatus (Linnaeus, 1758)";"Chilomycterus reticulatus";"cryptogenic";"IT";;
"Chondria coerulescens (J.Agardh) Falkenberg, 1901";"Chondria coerulescens";"cryptogenic";"HR,CY,FR,EL,ES,UK";;
"Chondria curvilineata F.S.Collins & Hervey, 1917";"Chondria curvilineata";"data-deficient/non-indigenous";;"EL";"FR"
"Chondria polyrhiza F.S.Collins & Hervey, 1917";"Chondria polyrhiza";"non-indigenous";;;"IT"
"Chondria pygmaea Garbary & Vandermeulen, 1990";"Chondria pygmaea";"data-deficient/non-indigenous";;"HR";"IT,MT"
"Chondrus giganteus f. flabellatus Mikami, 1965";"Chondrus giganteus f. flabellatus";"non-indigenous";;;"FR"
"Chorda filum (Linnaeus) Stackhouse, 1797";"Chorda filum";"non-indigenous";;;"FR"
"Chorizopora brongniartii (Audouin, 1826)";"Chorizopora brongniartii";"non-indigenous";;;"ES"
"Chromodoris quadricolor (Rüppell & Leuckart, 1830)";"Chromodoris quadricolor";"non-indigenous";;;"IT"
"Chrysonephos lewisii (W.R.Taylor) W.R.Taylor, 1952";"Chrysonephos lewisii";"non-indigenous";;;"FR,IT"
"Chrysymenia wrightii (Harvey) Yamada, 1932";"Chrysymenia wrightii";"non-indigenous";;;"FR,ES"
"Cingulina isseli (Tryon, 1886)";"Cingulina isseli";"non-indigenous";;;"CY"
"Ciona intestinalis (Linnaeus, 1767)";"Ciona intestinalis";"non-indigenous";;;"PT"
"Cirrholovenia tetranema Kramp, 1959";"Cirrholovenia tetranema";"cryptogenic";"FR,IT";;
"Cladophora hutchinsioides C.Hoek & Womersley, 1984";"Cladophora hutchinsioides";"data-deficient";;"FR";
"Cladophora patentiramea (Montagne) Kützing, 1849";"Cladophora patentiramea";"non-indigenous";;;"CY"
"Cladosiphon zosterae (J.Agardh) Kylin, 1940";"Cladosiphon zosterae";"non-indigenous";;;"FR,IT"
"Clavelina dellavallei (Zirpolo, 1825)";"Clavelina dellavallei";"non-indigenous";;;"PT"
"Clavelina lepadiformis (Müller, 1776)";"Clavelina lepadiformis";"non-indigenous";;;"PT,ES"
"Clavelina oblonga Herdman, 1880";"Clavelina oblonga";"non-indigenous";;;"IT,PT,ES"
"Clementia papyracea (Gmelin, 1791)";"Clementia papyracea";"non-indigenous";;;"EL"
"Clymenella torquata (Leidy, 1855)";"Clymenella torquata";"non-indigenous";;;"FR,IE,UK"
"Clytia hummelincki (Leloup, 1935)";"Clytia hummelincki";"non-indigenous";;;"HR,IT,ES"
"Clytia linearis (Thorneley, 1900)";"Clytia linearis";"non-indigenous";;;"FR,EL,IT,ES"
"Cocconeis britannica Naegeli ex Kützing, 1849";"Cocconeis britannica";"non-indigenous";;;"UK"
"Codium arabicum Kützing, 1856";"Codium arabicum";"non-indigenous";;;"PT"
"Codium fragile (Suringar) Hariot";"Codium fragile";"non-indigenous";;;"HR,DE,IE"
"Codium fragile (Suringar) Hariot, 1889";"Codium fragile";"non-indigenous";;;"DK,EL,IT,NL,ES,UK"
"Codium fragile subsp. atlanticum (A.D.Cotton) P.C.Silva, 1955";"Codium fragile subsp. atlanticum";"non-indigenous";;;"UK"
"Codium fragile subsp. fragile (Suringar) Hariot, 1889";"Codium fragile subsp. fragile";"non-indigenous";;;"BE,FR,PT,SI,SE"
"Colaconema codicola (Børgesen) H.Stegenga, J.J.Bolton & R.J.Anderson, 1997";"Colaconema codicola";"non-indigenous";;;"FR,IT,ES"
"Colaconema dasyae (F.S.Collins) Stegenga, I.Mol, Prud'homme van Reine & Lokhorst, 1997";"Colaconema dasyae";"non-indigenous";;;"NL"
"Coleusia signata (Paul'son, 1875)";"Coleusia signata";"non-indigenous";;;"EL"
"Colpomenia peregrina Sauvageau";"Colpomenia peregrina";"data-deficient/non-indigenous";;"DE";"HR,FR,EL,IE,IT,MT,NL,ES,SE,UK"
"Colpomenia peregrina Sauvageau 1927";"Colpomenia peregrina";"non-indigenous";;;"PT"
"Conomurex persicus (Swainson, 1821)";"Conomurex persicus";"non-indigenous";;;"CY,EL"
"Coolia monotis Meunier, 1919";"Coolia monotis";"cryptogenic";"EL";;
"Coplomenia peregrina Sauvageau";"Coplomenia peregrina";"non-indigenous";;;"DK"
"Corambe obscura (A. E. Verrill, 1870)";"Corambe obscura";"non-indigenous";;;"BG,FR,NL,RO"
"Corbicula fluminea (O. F. Müller, 1774)";"Corbicula fluminea";"non-indigenous";;;"NL,PT"
"Cordylophora caspia (Pallas, 1771)";"Cordylophora caspia";"data-deficient";;"BE,DK,EE,FI,FR,DE,IE,LV,LT,NL,PL,PT,SE";
"Coregonus peled (Gmelin, 1789)";"Coregonus peled";"non-indigenous";;;"EE"
"Corella eumyota Traustedt, 1882";"Corella eumyota";"non-indigenous";;;"FR,IE,NL,PT,ES,UK"
"Corymbellus aureus J.C.Green, 1976";"Corymbellus aureus";"non-indigenous";;;"DK"
"Corymorpha annulata (Kramp, 1928)";"Corymorpha annulata";"data-deficient";;"HR";
"Coryne eximia Allman, 1859";"Coryne eximia";"cryptogenic";"FR,IE,IT,UK";;
"Coryne pintneri Schneider, 1897";"Coryne pintneri";"non-indigenous";;;"UK"
"Corynomorpha prismatica (J.Agardh) J.Agardh, 1876";"Corynomorpha prismatica";"non-indigenous";;;"PT"
"Corynophlaea umbellata (C.Agardh) Kützing, 1843";"Corynophlaea umbellata";"cryptogenic";"UK";;
"Corynophlaea verruculiformis (Y.-P.Lee & I.K.Lee) Y.-P.Lee, 2008";"Corynophlaea verruculiformis";"non-indigenous";;;"NL"
"Coryphellina rubrolineata O'Donoghue, 1929";"Coryphellina rubrolineata";"non-indigenous";;;"CY,EL"
"Coscinodiscus wailesii Gran & Angst, 1931";"Coscinodiscus wailesii";"cryptogenic";"BE,DK,FR,DE,IE,NL,SE,UK";;
"Coscinospira hemprichii Ehrenberg, 1839";"Coscinospira hemprichii";"non-indigenous";;;"HR,FR,EL,ES"
"Cossura coasta Kitamori, 1960";"Cossura coasta";"cryptogenic";"EL";;
"Cradoscrupocellaria bertholletii (Audouin, 1826)";"Cradoscrupocellaria bertholletii";"non-indigenous";;;"PT"
"Crambe crambe (Schmidt, 1862)";"Crambe crambe";"non-indigenous";;;"PT,ES"
"Crassostrea rhizophorae (Guilding, 1828)";"Crassostrea rhizophorae";"non-indigenous";;;"FR"
"Crassostrea virginica (Gmelin, 1791)";"Crassostrea virginica";"non-indigenous";;;"DK,FR,DE,IE,RO,SE,UK"
"Crepidacantha poissonii (Audouin, 1826)";"Crepidacantha poissonii";"non-indigenous";;;"EL,IT"
"Crepidula fornicata (Linnaeus, 1758)";"Crepidula fornicata";"non-indigenous";;;"BE,DK,FR,DE,EL,IE,IT,MT,NL,ES,SE,UK"
"Crepipatella dilatata (Lamarck, 1822)";"Crepipatella dilatata";"non-indigenous";;;"ES"
"Crisularia serrata (Lamarck, 1816)";"Crisularia serrata";"non-indigenous";;;"FR,EL,IT"
"Critomolgus actiniae (Della Valle, 1880) ";"Critomolgus actiniae";"cryptogenic";"IE";;
"Cryptonemia hibernica Guiry & L.M.Irvine, 1974";"Cryptonemia hibernica";"non-indigenous";;;"UK"
"Cryptosoma cristatum Brullé, 1837";"Cryptosoma cristatum";"non-indigenous";;;"ES"
"Cushmanina striatopunctata (Parker & Jones, 1865)";"Cushmanina striatopunctata";"non-indigenous";;;"HR"
"Cuthona perca (Er. Marcus, 1958)";"Cuthona perca";"non-indigenous";;;"IT"
"Cutleria multifida (Turner) Greville";"Cutleria multifida";"non-indigenous";;;"FR,IT"
"Cutleria multifida (Turner) Greville, 1830";"Cutleria multifida";"non-indigenous";;;"EL"
"Cyclopinella multispinosa (Jaume & Boxshall, 1996)";"Cyclopinella multispinosa";"cryptogenic";"IE";;
"Cyclopterus lumpus Linnaeus, 1758";"Cyclopterus lumpus";"non-indigenous";;;"HR"
"Cycloscala hyalina (G. B. Sowerby II, 1844)";"Cycloscala hyalina";"non-indigenous";;;"CY"
"Cymadusa filosa Savigny, 1816";"Cymadusa filosa";"cryptogenic";"MT";;
"Cymbaloporetta plana (Cushman, 1924)";"Cymbaloporetta plana";"cryptogenic";"EL";;
"Cynoscion regalis (Bloch & Schneider, 1801)";"Cynoscion regalis";"non-indigenous";;;"BE"
"Cyprinus carpio Linnaeus, 1758";"Cyprinus carpio";"non-indigenous";;;"EE,FI,LV,LT,PL,SE"
"Cystodytes dellechiajei (Della Valle, 1877)";"Cystodytes dellechiajei";"cryptogenic";"ES";;
"Cystodytes philippinensis Herdman, 1886";"Cystodytes philippinensis";"cryptogenic";"ES";;
"Dasya baillouviana (S.G.Gmelin) Montagne, 1841";"Dasya baillouviana";"non-indigenous";;;"DK,DE,NL,ES,SE"
"Dasya sessilis Yamada, 1928";"Dasya sessilis";"non-indigenous";;;"FR,NL,PT,ES"
"Dasysiphonia japonica (Yendo) H.-S.Kim, 2012";"Dasysiphonia japonica";"non-indigenous";;;"DK,FR,IE,IT,NL,ES,SE,UK"
"Dendostrea folium (Linnaeus, 1758)";"Dendostrea folium";"non-indigenous";;;"CY,EL,IE"
"Derbesia rhizophora Yamada, 1961";"Derbesia rhizophora";"non-indigenous";;;"FR"
"Desdemona ornata Banse, 1957";"Desdemona ornata";"non-indigenous";;;"EL,IT,PT,ES,UK"
"Desmacella meliorata Wiedenmayer, 1977";"Desmacella meliorata";"non-indigenous";;;"PT"
"Desmarestia viridis (O.F.Müller) J.V.Lamouroux, 1813";"Desmarestia viridis";"cryptogenic/non-indigenous";"DE";;"BG,FR,RO,ES"
"Diadema setosum (Leske, 1778)";"Diadema setosum";"non-indigenous";;;"EL"
"Diadumene cincta Stephenson, 1925";"Diadumene cincta";"cryptogenic/non-indigenous";"FR,DE,NL,UK";;"IT"
"Diadumene lineata (Verrill, 1869)";"Diadumene lineata";"non-indigenous";;;"BE,BG,FR,DE,IE,IT,NL,RO,ES,UK"
"Diamysis lagunaris Ariani & Wittmann, 2000";"Diamysis lagunaris";"non-indigenous";;;"PT"
"Dicroerisma psilonereiella F.J.R.Taylor & S.A.Cattell, 1969";"Dicroerisma psilonereiella";"cryptogenic";"SE";;
"Dictyota cyanoloma Tronholm, De Clerck, A.Gómez-Garreta & Rull Lluch in Tronholm et al.";"Dictyota cyanoloma";"non-indigenous";;;"HR,FR"
"Dictyota cyanoloma Tronholm, De Clerck, Gomez Garreta & Rull Lluch, 2010";"Dictyota cyanoloma";"non-indigenous";;;"ES"
"Dictyota dichotoma (Hudson) J.V.Lamouroux";"Dictyota dichotoma";"cryptogenic";"DK";;
"Didemnum vexillum Kott, 2002";"Didemnum vexillum";"non-indigenous";;;"FR,IE,IT,NL,ES,UK"
"Dinophysis sacculus Stein, 1883";"Dinophysis sacculus";"non-indigenous";;;"DK"
"Diopatra hupferiana hupferiana (Augener, 1918)";"Diopatra hupferiana hupferiana";"non-indigenous";;;"IT"
"Diopatra hupferiana monroi (Day, 1957)";"Diopatra hupferiana monroi";"non-indigenous";;;"IT"
"Diplodus vulgaris (Geoffroy Saint-Hilaire, 1817)";"Diplodus vulgaris";"non-indigenous";;;"PT"
"Diplosoma listerianum (Milne Edwards, 1841)";"Diplosoma listerianum";"cryptogenic/non-indigenous";"BE,FR,DE,IE,NL,UK";;"EL,ES"
"Dipolydora blakei (Maciolek, 1984)";"Dipolydora blakei";"cryptogenic";"EL";;
"Dipolydora quadrilobata (Jacobi, 1883)";"Dipolydora quadrilobata";"cryptogenic";"BG,RO,UK";;
"Dipolydora tentaculata (Blake & Kudenov, 1978)";"Dipolydora tentaculata";"non-indigenous";;;"ES"
"Dispio magna (Day, 1955)";"Dispio magna";"non-indigenous";;;"EL"
"Dispio uncinata Hartman, 1951";"Dispio uncinata";"data-deficient/non-indigenous";;"IT";"ES"
"Distaplia bermudensis Van Name, 1902";"Distaplia bermudensis";"non-indigenous";;;"IT,ES"
"Distaplia corolla Monniot F., 1974";"Distaplia corolla";"non-indigenous";;;"PT"
"Dodecaceria capensis Day, 1961";"Dodecaceria capensis";"non-indigenous";;;"EL"
"Dosima fascicularis (Ellis & Solander, 1786)";"Dosima fascicularis";"cryptogenic";"MT";;
"Dreissena polymorpha (Pallas, 1771)";"Dreissena polymorpha";"non-indigenous";;;"EE,FI,DE,LV,LT,SE"
"Dussumieria elopsoides Bleeker, 1849";"Dussumieria elopsoides";"non-indigenous";;;"CY"
"Dyspanopeus sayi (Smith, 1869)";"Dyspanopeus sayi";"data-deficient/non-indigenous";;"ES";"FR,IT,RO,UK"
"Ecteinascidia styeloides (Traustedt, 1882)";"Ecteinascidia styeloides";"non-indigenous";;;"FR"
"Ecteinascidia turbinata Herdman, 1880";"Ecteinascidia turbinata";"cryptogenic";"EL,MT,ES";;
"Ectopleura crocea (Agassiz, 1862)";"Ectopleura crocea";"non-indigenous";;;"PT"
"Edwardsia claparedii (Panceri, 1869)";"Edwardsia claparedii";"cryptogenic";"NL";;
"Edwardsiella lineata (Verrill in Baird, 1873)";"Edwardsiella lineata";"non-indigenous";;;"SE"
"Elates ransonnettii (Steindachner, 1876)";"Elates ransonnettii";"non-indigenous";;;"HR,IT"
"Electra pilosa (Linnaeus, 1767)";"Electra pilosa";"non-indigenous";;;"ES"
"Elodea canadensis Michx.";"Elodea canadensis";"non-indigenous";;;"EE,FI,PL,SE"
"Elodea nuttallii (Planch.) H.St.John";"Elodea nuttallii";"non-indigenous";;;"SE"
"Elphidium striatopunctatum (Fichtel & Moll, 1798)";"Elphidium striatopunctatum";"non-indigenous";;;"HR"
"Emiliania huxleyi (Lohmann) W.W.Hay & H.P.Mohler, 1967";"Emiliania huxleyi";"non-indigenous";;;"DK"
"Ensis leei M. Huber, 2015";"Ensis leei";"non-indigenous";;;"BE,DK,FR,DE,NL,ES,SE,UK"
"Eocuma dimorphum Fage, 1928";"Eocuma dimorphum";"non-indigenous";;;"ES"
"Eocuma sarsii (Kossmann), 1880";"Eocuma sarsii";"non-indigenous";;;"FR"
"Epinephelus coioides (Hamilton, 1822)";"Epinephelus coioides";"non-indigenous";;;"IT"
"Epinephelus malabaricus (Bloch & Schneider, 1801)";"Epinephelus malabaricus";"non-indigenous";;;"MT"
"Epinephelus merra Bloch, 1793";"Epinephelus merra";"non-indigenous";;;"FR"
"Equulites klunzingeri (Steindachner, 1898)";"Equulites klunzingeri";"data-deficient/non-indigenous";;"IT";"HR,CY,EL"
"Ergalatax junionae Houart, 2008";"Ergalatax junionae";"non-indigenous";;;"CY,EL"
"Erinaceusyllis serratosetosa (Hartmann-Schröder, 1982)";"Erinaceusyllis serratosetosa";"non-indigenous";;;"IT,ES"
"Eriocheir sinensis H. Milne Edwards, 1853";"Eriocheir sinensis";"non-indigenous";;;"BE,DK,EE,FI,FR,DE,IE,IT,LV,LT,NL,PL,PT,RO,ES,SE,UK"
"Erugosquilla massavensis (Kossmann, 1880)";"Erugosquilla massavensis";"non-indigenous";;;"CY,EL"
"Escharina vulgaris (Moll, 1803)";"Escharina vulgaris";"non-indigenous";;;"ES,SE"
"Ethmodiscus punctiger Castracane, 1886";"Ethmodiscus punctiger";"non-indigenous";;;"BE,DK,DE,NL,SE,UK"
"Etrumeus golanii DiBattista, Randall & Bowen, 2012";"Etrumeus golanii";"data-deficient/non-indigenous";;"MT";"CY,EL,IT"
"Eucheilota menoni Kramp, 1959";"Eucheilota menoni";"non-indigenous";;;"ES"
"Eucheilota paradoxica Mayer, 1900";"Eucheilota paradoxica";"cryptogenic";"HR,FR,IT,ES";;
"Eucidaris tribuloides (Lamarck, 1816)";"Eucidaris tribuloides";"non-indigenous";;;"MT"
"Eudendrium capillare Alder, 1856";"Eudendrium capillare";"cryptogenic";"UK";;
"Eudendrium carneum Clarke, 1882";"Eudendrium carneum";"non-indigenous";;;"HR,FR,IT,ES"
"Eudendrium merulum Watson, 1985";"Eudendrium merulum";"non-indigenous";;;"HR,FR,IT"
"Euplana gracilis Girard, 1853";"Euplana gracilis";"non-indigenous";;;"NL"
"Euplokamis dunlapae Mills, 1987";"Euplokamis dunlapae";"non-indigenous";;;"SE"
"Eupyxidicula turris (Greville) S.Blanco & C.E.Wetzel";"Eupyxidicula turris";"non-indigenous";;;"DK"
"Eurypanopeus depressus (Smith, 1869)";"Eurypanopeus depressus";"non-indigenous";;;"RO"
"Eurytemora americana Williams, 1906";"Eurytemora americana";"non-indigenous";;;"BE,NL"
"Eurythoe complanata (Pallas, 1766)";"Eurythoe complanata";"data-deficient/non-indigenous";;"IT";"EL,ES"
"Eurythoe laevisetis Fauvel, 1914";"Eurythoe laevisetis";"non-indigenous";;;"MT,ES"
"Eusarsiella zostericola (Cushman, 1906)";"Eusarsiella zostericola";"non-indigenous";;;"UK"
"Eusyllis kupfferi Langerhans, 1879";"Eusyllis kupfferi";"non-indigenous";;;"CY"
"Eutintinnus lusus-undae (Entz, 1885)";"Eutintinnus lusus-undae";"non-indigenous";;;"BG,RO"
"Evadne anonyx G.O. Sars, 1897";"Evadne anonyx";"non-indigenous";;;"EE,FI,LV,PL,SE"
"Exaiptasia pallida (Agassiz in Verrill, 1864)";"Exaiptasia pallida";"non-indigenous";;;"FR"
"Fabriciola ghardaqa Banse, 1959";"Fabriciola ghardaqa";"non-indigenous";;;"IT"
"Fauveliopsis glabra (Hartman, 1960)";"Fauveliopsis glabra";"non-indigenous";;;"ES"
"Faxonius limosus (Rafinesque, 1817)";"Faxonius limosus";"non-indigenous";;;"PL"
"Fenestrulina delicia Winston, Hayward & Craig, 2000";"Fenestrulina delicia";"non-indigenous";;;"BE,DE,IE,NL,UK"
"Fenestrulina malusii (Audouin, 1826)";"Fenestrulina malusii";"non-indigenous";;;"ES"
"Ferosagitta galerita (Dallot, 1971)";"Ferosagitta galerita";"non-indigenous";;;"HR"
"Fibrocapsa japonica S.Toriumi & H.Takano, 1973";"Fibrocapsa japonica";"non-indigenous";;;"FR,DE,NL,ES,SE"
"Ficopomatus enigmaticus (Fauvel, 1923)";"Ficopomatus enigmaticus";"non-indigenous";;;"BE,BG,HR,DK,FR,DE,EL,IE,IT,NL,PT,RO,SI,ES,SE,UK"
"Filellum serratum (Clarke, 1879)";"Filellum serratum";"cryptogenic";"FR,IT,ES";;
"Finella pupoides A. Adams, 1860";"Finella pupoides";"non-indigenous";;;"CY"
"Fistularia commersonii Rüppell, 1838";"Fistularia commersonii";"non-indigenous";;;"HR,CY,FR,EL,IT,MT,ES"
"Fistulobalanus albicostatus (Pilsbry, 1916)";"Fistulobalanus albicostatus";"non-indigenous";;;"FR"
"Fucus distichus Linnaeus, 1767";"Fucus distichus";"cryptogenic";"UK";;
"Fucus evanescens C.Agardh, 1820";"Fucus evanescens";"cryptogenic";"DK,DE,SE,UK";;
"Fucus spiralis Linnaeus, 1753";"Fucus spiralis";"non-indigenous";;;"FR,ES"
"Fulvia fragilis (Forsskål in Niebuhr, 1775)";"Fulvia fragilis";"non-indigenous";;;"CY,EL,IT,MT,ES"
"Fundulus heteroclitus heteroclitus (Linnaeus, 1766)";"Fundulus heteroclitus";"non-indigenous";;;"PT,ES"
"Fusinus rostratus (Olivi, 1792)";"Fusinus rostratus";"non-indigenous";;;"FR,ES"
"Gafrarium savignyi (Jonas, 1846)";"Gafrarium savignyi";"non-indigenous";;;"CY"
"Gammarus tigrinus Sexton, 1939";"Gammarus tigrinus";"non-indigenous";;;"BE,DK,EE,FI,DE,LV,LT,PL,SE,UK"
"Ganonema farinosum (J.V.Lamouroux) K.C.Fan & Yung C.Wang, 1974";"Ganonema farinosum";"cryptogenic";"CY,EL,ES";;
"Garveia franciscana (Torrey, 1902)";"Garveia franciscana";"cryptogenic/non-indigenous";"BE,DE,NL";;"BG,IT,RO,ES"
"Gelidium vagum Okamura, 1934";"Gelidium vagum";"non-indigenous";;;"NL"
"Gibbula albida (Gmelin, 1791)";"Gibbula albida";"non-indigenous";;;"FR,ES"
"Glabropilumnus laevis (Dana, 1852)";"Glabropilumnus laevis";"non-indigenous";;;"IT"
"Glaucostegus halavi (Forsskål, 1775)";"Glaucostegus halavi";"non-indigenous";;;"FR"
"Glycera capitata Örsted, 1843";"Glycera capitata";"data-deficient";;"BG";
"Glycinde bonhourei Gravier, 1904";"Glycinde bonhourei";"non-indigenous";;;"EL"
"Glycymeris glycymeris (Linnaeus, 1758)";"Glycymeris glycymeris";"non-indigenous";;;"NL"
"Gobiosoma bosc (Lacepède, 1800)";"Gobiosoma bosc";"non-indigenous";;;"DE"
"Godiva quadricolor (Barnard, 1927)";"Godiva quadricolor";"non-indigenous";;;"IT,ES"
"Goniadella gracilis (Verrill, 1873)";"Goniadella gracilis";"non-indigenous";;;"DK,FR,PT,ES,UK"
"Goniobranchus annulatus (Eliot, 1904)";"Goniobranchus annulatus";"non-indigenous";;;"CY,EL"
"Gonioinfradens paucidentatus (A. Milne Edwards, 1861)";"Gonioinfradens paucidentatus";"non-indigenous";;;"EL"
"Gonionemus vertens A. Agassiz, 1862";"Gonionemus vertens";"non-indigenous";;;"BE,DK,FR,DE,IT,NL,PT,SE,UK"
"Goniotrichopsis sublittoralis G.M.Smith, 1943";"Goniotrichopsis sublittoralis";"non-indigenous";;;"FR,ES"
"Gracilaria vermiculophylla (Ohmi) Papenfuss, 1967";"Gracilaria vermiculophylla";"non-indigenous";;;"DK,FR,DE,IE,IT,NL,PT,ES,SE"
"Grallatoria reptans M.A.Howe, 1920";"Grallatoria reptans";"cryptogenic";"PT,ES";;
"Grandidierella japonica Stephensen, 1938";"Grandidierella japonica";"non-indigenous";;;"SE,UK"
"Grateloupia asiatica S.Kawaguchi & H.W.Wang, 2001";"Grateloupia asiatica";"non-indigenous";;;"FR"
"Grateloupia imbricata Holmes, 1896";"Grateloupia imbricata";"non-indigenous";;;"PT,ES"
"Grateloupia minima P.L.Crouan & H.M.Crouan, 1867";"Grateloupia minima";"non-indigenous";;;"FR,IT"
"Grateloupia patens (Okamura) S.Kawaguchi & H.W.Wang, 2001";"Grateloupia patens";"non-indigenous";;;"FR"
"Grateloupia subpectinata Holmes, 1912";"Grateloupia subpectinata";"non-indigenous";;;"FR,PT,ES,UK"
"Grateloupia turuturu Yamada, 1941";"Grateloupia turuturu";"non-indigenous";;;"FR,IT,NL,PT,ES,UK"
"Grateloupia yinggehaiensis H.W.Wang & R.X.Luan, 2012";"Grateloupia yinggehaiensis";"non-indigenous";;;"IT"
"Griffithsia corallinoides (Linnaeus) Trevisan, 1845";"Griffithsia corallinoides";"non-indigenous";;;"FR,IT"
"Gymnodinium catenatum H.W.Graham, 1943";"Gymnodinium catenatum";"cryptogenic";"EL,IT,PT,ES";;
"Gymnodinium nolleri M.Ellegaard & Ø.Moestrup, 1999";"Gymnodinium nolleri";"cryptogenic";"BG,SE";;
"Gymnophycus hapsiphorus Huisman & Kraft, 1983";"Gymnophycus hapsiphorus";"non-indigenous";;;"ES"
"Gyrodinium corallinum Kofoid & Swezy, 1921";"Gyrodinium corallinum";"non-indigenous";;;"SE"
"Halgerda willeyi Eliot, 1904";"Halgerda willeyi";"non-indigenous";;;"HR"
"Haliclona (Haliclona) simulans (Johnston, 1842)";"Haliclona (Haliclona) simulans";"non-indigenous";;;"NL"
"Haliclona (Haliclona) urceolus (Rathke & Vahl, 1806)";"Haliclona (Haliclona) urceolus";"non-indigenous";;;"NL"
"Haliclona (Reniera) cinerea (Grant, 1826)";"Haliclona (Reniera) cinerea";"non-indigenous";;;"NL"
"Haliclona (Rhizoniera) rosea (Bowerbank, 1866)";"Haliclona (Rhizoniera) rosea";"non-indigenous";;;"NL"
"Haliclona (Soestella) xena De Weerdt, 1986";"Haliclona (Soestella) xena";"cryptogenic";"BE,DE,NL";;
"Haliclystus salpinx James-Clark, 1863";"Haliclystus salpinx";"non-indigenous";;;"NL"
"Haliotis discus hannai Ino, 1953";"Haliotis discus";"data-deficient";;"IE";
"Haliotis tuberculata Linnaeus, 1758";"Haliotis tuberculata";"non-indigenous";;;"IE,UK"
"Halisarca dujardinii Johnston, 1842";"Halisarca dujardinii";"non-indigenous";;;"NL"
"Haliscera bigelowi Kramp, 1947";"Haliscera bigelowi";"non-indigenous";;;"HR,ES"
"Halophila stipulacea (Forsskål) Ascherson, 1867";"Halophila stipulacea";"non-indigenous";;;"CY,EL,IT,MT"
"Halothrix lumbricalis (Kützing) Reinke, 1888";"Halothrix lumbricalis";"non-indigenous";;;"FR,IT"
"Hamimaera hamigera (Haswell, 1879)";"Hamimaera hamigera";"non-indigenous";;;"CY"
"Haminoea cyanomarginata Heller & Thompson, 1983";"Haminoea cyanomarginata";"non-indigenous";;;"EL,IT,MT"
"Haminoea japonica Pilsbry, 1895";"Haminoea japonica";"non-indigenous";;;"IT,ES"
"Hemigrapsus sanguineus (De Haan, 1835)";"Hemigrapsus sanguineus";"non-indigenous";;;"BE,HR,DK,FR,DE,NL,RO"
"Hemigrapsus takanoi Asakura & Watanabe, 2005";"Hemigrapsus takanoi";"non-indigenous";;;"BE,DK,FR,DE,NL,ES"
"Hemimysis anomala G.O. Sars, 1907";"Hemimysis anomala";"non-indigenous";;;"EE,FI,DE,LT,PL,SE"
"Hemiramphus far (Forsskål, 1775)";"Hemiramphus far";"non-indigenous";;;"CY,EL"
"Herbstia nitida Manning & Holthuis, 1981";"Herbstia nitida";"non-indigenous";;;"IT"
"Herdmania momus (Savigny, 1816)";"Herdmania momus";"non-indigenous";;;"CY,EL"
"Herposiphonia parca Setchell, 1926";"Herposiphonia parca";"non-indigenous";;;"FR"
"Herrmannella duggani Holmes & Minchin, 1991 ";"Herrmannella duggani";"cryptogenic";"IE";;
"Hesionides arenaria Friedrich, 1937";"Hesionides arenaria";"cryptogenic";"BG,RO";;
"Hesionura serrata (Hartmann-Schröder, 1960)";"Hesionura serrata";"non-indigenous";;;"IT,ES"
"Hesperibalanus fallax (Broch, 1927)";"Hesperibalanus fallax";"non-indigenous";;;"FR,UK"
"Heterocyclina tuberculata (Möbius, 1880)";"Heterocyclina tuberculata";"cryptogenic";"EL";;
"Heterolaophonte hamondi Hicks, 1975";"Heterolaophonte hamondi";"cryptogenic";"IE";;
"Heterosigma akashiwo (Y.Hada) Y.Hada ex Y.Hara & M.Chihara, 1987";"Heterosigma akashiwo";"cryptogenic";"BE,DK,FR,IE,NL,ES";;
"Heterostegina depressa d'Orbigny, 1826";"Heterostegina depressa";"non-indigenous";;;"EL"
"Heterotentacula mirabilis (Kramp, 1957)";"Heterotentacula mirabilis";"non-indigenous";;;"ES"
"Hexapleomera robusta (Moore, 1894)";"Hexapleomera robusta";"non-indigenous";;;"ES"
"Hexaplex trunculus (Linnaeus, 1758)";"Hexaplex trunculus";"non-indigenous";;;"FR,PT,ES"
"Hippopodina feegeensis (Busk, 1884)";"Hippopodina feegeensis";"non-indigenous";;;"EL"
"Holacanthus ciliaris (Linnaeus, 1758)";"Holacanthus ciliaris";"non-indigenous";;;"HR"
"Homarus americanus H. Milne Edwards, 1837";"Homarus americanus";"data-deficient/non-indigenous";;"UK";"DK,FR,IE,SE"
"Huso huso (Linnaeus, 1758)";"Huso huso";"non-indigenous";;;"DK,EE,LV"
"Hyboscolex longiseta Schmarda, 1861";"Hyboscolex longiseta";"cryptogenic";"EL,IT";;
"Hydroides albiceps (Grube, 1870)";"Hydroides albiceps";"non-indigenous";;;"FR"
"Hydroides dirampha Mörch, 1863";"Hydroides dirampha";"non-indigenous";;;"EL,IT,ES"
"Hydroides elegans (Haswell, 1883)";"Hydroides elegans";"non-indigenous";;;"MT,NL"
"Hydroides elegans (Haswell, 1883) [nomen protectum]";"Hydroides elegans";"non-indigenous";;;"CY,FR,EL,IT,PT,RO,ES,UK"
"Hydroides ezoensis Okuda, 1934";"Hydroides ezoensis";"non-indigenous";;;"FR,UK"
"Hydroides heterocera (Grube, 1868)";"Hydroides heterocera";"non-indigenous";;;"CY"
"Hymeniacidon perlevis (Montagu, 1814)";"Hymeniacidon perlevis";"non-indigenous";;;"NL"
"Hypania invalida (Grube, 1860)";"Hypania invalida";"non-indigenous";;;"DE"
"Hypnea anastomosans Papenfuss, Lipkin & P.C.Silva, 2002";"Hypnea anastomosans";"non-indigenous";;;"EL"
"Hypnea cervicornis J.Agardh, 1851";"Hypnea cervicornis";"non-indigenous";;;"IT"
"Hypnea cornuta (Kützing) J.Agardh, 1851";"Hypnea cornuta";"non-indigenous";;;"EL,IT"
"Hypnea flagelliformis Greville ex J.Agardh, 1851";"Hypnea flagelliformis";"non-indigenous";;;"PT"
"Hypnea spinella (C.Agardh) Kützing, 1847";"Hypnea spinella";"non-indigenous";;;"HR,FR,EL,IT,ES"
"Hypnea valentiae (Turner) Montagne, 1841";"Hypnea valentiae";"non-indigenous";;;"FR,EL,IT,ES"
"Hypophthalmichthys nobilis (Richardson, 1845)";"Hypophthalmichthys nobilis";"non-indigenous";;;"EE,LV"
"Hypselodoris infucata (Rüppell & Leuckart, 1830)";"Hypselodoris infucata";"non-indigenous";;;"CY,EL"
"Ianiropsis serricaudis Gurjanova, 1936";"Ianiropsis serricaudis";"non-indigenous";;;"NL"
"Ictalurus punctatus (Rafinesque, 1818)";"Ictalurus punctatus";"non-indigenous";;;"EE"
"Imogine necopinata Sluys, Faubel, Rajagopal & van der Velde, 2005";"Imogine necopinata";"cryptogenic";"NL";;
"Incisocalliope aestuarius (Watling & Maurer, 1973)";"Incisocalliope aestuarius";"non-indigenous";;;"BE,NL"
"Indothais lacera (Born, 1778)";"Indothais lacera";"non-indigenous";;;"CY,IT"
"Isochrysis galbana Parke, 1949";"Isochrysis galbana";"cryptogenic";"IE";;
"Isognomon radiatus (Anton, 1838)";"Isognomon radiatus";"non-indigenous";;;"IE"
"Isolda pulchella Müller in Grube, 1858";"Isolda pulchella";"data-deficient/non-indigenous";;"IT";"PT"
"Ixa monodi Holthuis & Gottlieb, 1956";"Ixa monodi";"non-indigenous";;;"EL"
"Jassa marmorata Holmes, 1905";"Jassa marmorata";"cryptogenic";"BE,DE,EL,IE,IT,NL,PT,ES,UK";;
"Jasus lalandii (H. Milne Edwards, 1837)";"Jasus lalandii";"non-indigenous";;;"PT"
"Jellyella tuberculata (Bosc, 1802)";"Jellyella tuberculata";"non-indigenous";;;"ES"
"Karenia brevisulcata (F.H.Chang) G.Hansen & Ø.Moestrup, 2000";"Karenia brevisulcata";"cryptogenic";"FR";;
"Karenia mikimotoi (Miyake & Kominami ex Oda) Gert Hansen & Ø.Moestrup, 2000";"Karenia mikimotoi";"non-indigenous";;;"DK,DE,EL,IE,NL,ES,SE,UK"
"Karenia papilionacea A.J.Haywood & K.A.Steidinger, 2004";"Karenia papilionacea";"non-indigenous";;;"FR"
"Karenia umbella de Salas, Bolch & Hallegraeff, 2004";"Karenia umbella";"non-indigenous";;;"FR"
"Kirchenpaueria halecioides (Alder, 1859)";"Kirchenpaueria halecioides";"non-indigenous";;;"PT"
"Koinostylochus ostreophagus (Hyman, 1955)";"Koinostylochus ostreophagus";"non-indigenous";;;"FR"
"Kornmannia leptoderma (Kjellman) Bliding, 1969";"Kornmannia leptoderma";"cryptogenic";"FR";;
"Labyrinthula zosterae D. Porter & Muehlst. in Muehlstein & Short, 1991";"Labyrinthula zosterae";"non-indigenous";;;"IE"
"Lactophrys triqueter (Linnaeus, 1758)";"Lactophrys triqueter";"non-indigenous";;;"IT"
"Laeospira berkeleyana (Rioja, 1942)";"Laeospira berkeleyana";"non-indigenous";;;"PT"
"Lagocephalus guentheri Miranda Ribeiro, 1915";"Lagocephalus guentheri";"non-indigenous";;;"CY,EL"
"Lagocephalus sceleratus (Gmelin, 1789)";"Lagocephalus sceleratus";"non-indigenous";;;"CY,EL"
"Lagocephalus suezensis Clark & Gohar, 1953";"Lagocephalus suezensis";"non-indigenous";;;"CY,EL"
"Laodicea fijiana Agassiz & Mayer, 1899";"Laodicea fijiana";"data-deficient";;"CY";
"Laurencia brongniartii J.Agardh, 1841";"Laurencia brongniartii";"non-indigenous";;;"FR,PT"
"Laurencia caduciramulosa Masuda & Kawaguchi, 1997";"Laurencia caduciramulosa";"non-indigenous";;;"FR,EL,IT,ES"
"Laurencia chondrioides Børgesen, 1918";"Laurencia chondrioides";"cryptogenic";"PT";;
"Laurencia dendroidea J.Agardh, 1852";"Laurencia dendroidea";"cryptogenic";"PT";;
"Laurencia okamurae Yamada, 1931";"Laurencia okamurae";"non-indigenous";;;"FR"
"Leathesia marina (Lyngbye) Decaisne, 1842";"Leathesia marina";"non-indigenous";;;"FR,IT"
"Leiocapitellides analis Hartmann-Schröder, 1960";"Leiocapitellides analis";"non-indigenous";;;"EL"
"Leiochrides australis Augener, 1914";"Leiochrides australis";"non-indigenous";;;"IT,ES"
"Leitoscoloplos kerguelensis (McIntosh, 1885)";"Leitoscoloplos kerguelensis";"data-deficient";;"ES";
"Leodice antennata Savigny in Lamarck, 1818";"Leodice antennata";"non-indigenous";;;"IT"
"Lepidodinium chlorophorum (M.Elbrächter & E.Schnepf) Gert Hansen, L.Botes & M.de Salas, 2007";"Lepidodinium chlorophorum";"cryptogenic";"DK";;
"Lepidonotus carinulatus (Grube, 1870)";"Lepidonotus carinulatus";"non-indigenous";;;"ES"
"Lepidonotus tenuisetosus (Gravier, 1902)";"Lepidonotus tenuisetosus";"non-indigenous";;;"EL"
"Leucosolenia somesii (Bowerbank, 1874)";"Leucosolenia somesii";"non-indigenous";;;"NL"
"Leucotina natalensis E. A. Smith, 1910";"Leucotina natalensis";"non-indigenous";;;"CY"
"Limnoria quadripunctata Holthuis, 1949";"Limnoria quadripunctata";"non-indigenous";;;"IE,PT"
"Limnoria tripunctata Menzies, 1951";"Limnoria tripunctata";"cryptogenic";"FR,PT";;
"Limulus polyphemus (Linnaeus, 1758)";"Limulus polyphemus";"non-indigenous";;;"DE"
"Linopherus canariensis Langerhans, 1881";"Linopherus canariensis";"non-indigenous";;;"CY,EL,IT"
"Lithophyllum yessoense Foslie, 1909";"Lithophyllum yessoense";"non-indigenous";;;"FR"
"Litosiphon laminariae (Lyngbye) Harvey, 1849";"Litosiphon laminariae";"cryptogenic";"UK";;
"Littorina saxatilis (Olivi, 1792)";"Littorina saxatilis";"non-indigenous";;;"IT"
"Loimia medusa (Savigny, 1822)";"Loimia medusa";"non-indigenous";;;"EL,IT"
"Lomentaria flaccida Tanaka, 1944";"Lomentaria flaccida";"non-indigenous";;;"FR"
"Lomentaria hakodatensis Yendo, 1920";"Lomentaria hakodatensis";"non-indigenous";;;"FR,IT,NL,PT,ES,UK"
"Longibranchium atlanticum (Day, 1973)";"Longibranchium atlanticum";"data-deficient";;"IT";
"Lophocladia lallemandii (Montagne) F.Schmitz, 1893";"Lophocladia lallemandii";"non-indigenous";;;"CY,EL,IT,MT,SI,ES"
"Lumbrinerides crassicephala (Hartman, 1965)";"Lumbrinerides crassicephala";"non-indigenous";;;"PT"
"Lumbrinerides neogesae Miura, 1981";"Lumbrinerides neogesae";"non-indigenous";;;"EL,IT"
"Lumbrineris acutiformis Gallardo, 1968";"Lumbrineris acutiformis";"non-indigenous";;;"IT"
"Lumbrineris perkinsi Carrera-Parra, 2001";"Lumbrineris perkinsi";"non-indigenous";;;"IT,ES"
"Lutjanus jocu (Bloch & Schneider, 1801)";"Lutjanus jocu";"cryptogenic";"IT";;
"Lutjanus sebae (Cuvier, 1816)";"Lutjanus sebae";"non-indigenous";;;"EL"
"Lyrodus pedicellatus (Quatrefages, 1849)";"Lyrodus pedicellatus";"cryptogenic";"FR,PT";;
"Lysidice collaris Grube, 1870";"Lysidice collaris";"non-indigenous";;;"CY,EL,IT,ES"
"Macromedaeus voeltzkowi (Lenz, 1905)";"Macromedaeus voeltzkowi";"non-indigenous";;;"FR"
"Macrophthalmus (Macrophthalmus) indicus Davie, 2012";"Macrophthalmus (Macrophthalmus) indicus";"non-indigenous";;;"CY,EL"
"Macrorhynchia philippina Kirchenpauer, 1872";"Macrorhynchia philippina";"non-indigenous";;;"PT"
"Maeotias marginata (Modeer, 1791)";"Maeotias marginata";"non-indigenous";;;"EE,FR,PT"
"Magallana angulata (Lamarck, 1819)";"Magallana angulata";"non-indigenous";;;"DE"
"Magallana gigas (Thunberg, 1793)";"Magallana gigas";"non-indigenous";;;"BE,HR,DK,FR,DE,EL,IE,IT,MT,NL,PT,RO,SI,ES,SE,UK"
"Magallana rivularis (Gould, 1861)";"Magallana rivularis";"non-indigenous";;;"FR"
"Magallana sikamea (Amemiya, 1928)";"Magallana sikamea";"non-indigenous";;;"FR"
"Malleus regula (Forsskål in Niebuhr, 1775)";"Malleus regula";"non-indigenous";;;"CY,EL"
"Marenzelleria arctia (Chamberlin, 1920)";"Marenzelleria arctia";"non-indigenous";;;"FI,SE"
"Marenzelleria neglecta Sikorski & Bick, 2004";"Marenzelleria neglecta";"non-indigenous";;;"BE,DK,EE,FI,DE,LV,LT,NL,PL,SE"
"Marenzelleria viridis (Verrill, 1873)";"Marenzelleria viridis";"non-indigenous";;;"BE,DK,FI,DE,IE,NL,PL,SE,UK"
"Margalefidinium polykrikoides (Margalef, 1961) F.Gómez, Richlen & D.M.Anderson, 2017";"Margalefidinium polykrikoides";"data-deficient";;"BG,HR";
"Marginella glabella (Linnaeus, 1758)";"Marginella glabella";"non-indigenous";;;"ES"
"Marphysa adenensis Gravier, 1900";"Marphysa adenensis";"cryptogenic";"EL";;
"Marphysa sanguinea (Montagu, 1813)";"Marphysa sanguinea";"non-indigenous";;;"NL"
"Martesia striata (Linnaeus, 1758)";"Martesia striata";"non-indigenous";;;"IE,UK"
"Mediomastus capensis Day, 1961";"Mediomastus capensis";"data-deficient/non-indigenous";;"ES";"EL,IT"
"Mediopyxis helysia Kühn, Hargreaves & Halliger, 2006";"Mediopyxis helysia";"non-indigenous";;;"DE,NL"
"Megabalanus coccopoma (Darwin, 1854)";"Megabalanus coccopoma";"non-indigenous";;;"BE,FR,NL"
"Megabalanus tintinnabulum (Linnaeus, 1758)";"Megabalanus tintinnabulum";"non-indigenous";;;"BE,HR,FR,EL,IE,IT,MT,NL,SI"
"Melanothamnus harveyi (Bailey) Díaz-Tapia & Maggs, 2017";"Melanothamnus harveyi";"non-indigenous";;;"BE,DK,FR,DE,EL,IE,IT,NL,PT,ES,SE,UK"
"Melibe viridis (Kelaart, 1858)";"Melibe viridis";"non-indigenous";;;"HR,CY,EL,IT,MT"
"Melita nitida Smith, 1873";"Melita nitida";"non-indigenous";;;"BE,DE,NL"
"Membranipora membranacea (Linnaeus, 1767)";"Membranipora membranacea";"non-indigenous";;;"PT"
"Menaethius monoceros (Latreille, 1825)";"Menaethius monoceros";"non-indigenous";;;"IT"
"Mercenaria mercenaria (Linnaeus, 1758)";"Mercenaria mercenaria";"non-indigenous";;;"FR,IE,IT,NL,PT,ES,UK"
"Mercenaria mercenaria (Linnaeus, 1758) ";"Mercenaria mercenaria";"non-indigenous";;;"BE"
"Merhippolyte ancistrota Crosnier & Forest, 1973";"Merhippolyte ancistrota";"non-indigenous";;;"ES"
"Mesanthura cfr. romulea Poore & Lew Ton, 1986";"Mesanthura cfr.";"non-indigenous";;;"IT"
"Metacalanus acutioperculum Ohtsuka, 1984";"Metacalanus acutioperculum";"non-indigenous";;;"IT"
"Metapenaeopsis aegyptia Galil & Golani, 1990";"Metapenaeopsis aegyptia";"non-indigenous";;;"CY,EL"
"Metapenaeopsis mogiensis consobrina (Nobili, 1904)";"Metapenaeopsis mogiensis";"non-indigenous";;;"EL"
"Metapenaeus monoceros (Fabricius, 1798)";"Metapenaeus monoceros";"non-indigenous";;;"CY"
"Metasychis gotoi (Izuka, 1902)";"Metasychis gotoi";"cryptogenic/data-deficient";"CY,EL,IT,PT,ES";"HR";
"Metaxia bacillum (Issel, 1869)";"Metaxia bacillum";"non-indigenous";;;"CY"
"Microcosmus anchylodeirus Traustedt, 1883";"Microcosmus anchylodeirus";"cryptogenic";"FR";;
"Microcosmus squamiger Michaelsen, 1927";"Microcosmus squamiger";"non-indigenous";;;"FR,IT,MT,PT,ES"
"Microphthalmus similis Bobretzky, 1870";"Microphthalmus similis";"cryptogenic";"DE";;
"Micropogonias undulatus (Linnaeus, 1766)";"Micropogonias undulatus";"data-deficient/non-indigenous";;"BE";"NL"
"Microporella ciliata (Pallas, 1766)";"Microporella ciliata";"non-indigenous";;;"ES"
"Microporella coronata (Audouin, 1826)";"Microporella coronata";"data-deficient";;"IT";
"Microspongium globosum Reinke, 1888";"Microspongium globosum";"cryptogenic";"UK";;
"Microspongium stilophorae (P.L.Crouan & H.M.Crouan) Cormaci & G.Furnari, 2012";"Microspongium stilophorae";"non-indigenous";;;"FR"
"Miliolinella fichteliana (d'Orbigny, 1839)";"Miliolinella fichteliana";"non-indigenous";;;"EL"
"Mizuhopecten yessoensis (Jay, 1857)";"Mizuhopecten yessoensis";"non-indigenous";;;"FR,IE"
"Mnemiopsis leidyi A. Agassiz, 1865";"Mnemiopsis leidyi";"non-indigenous";;;"BE,BG,DK,FR,DE,EL,IT,NL,PL,RO,SI,ES,SE"
"Mnestia girardi (Audouin, 1826)";"Mnestia girardi";"non-indigenous";;;"CY,EL"
"Moerisia inkermanica Paltschikowa-Ostroumowa, 1925";"Moerisia inkermanica";"cryptogenic/non-indigenous";"IT";;"FR,NL"
"Molgula manhattensis (De Kay, 1843)";"Molgula manhattensis";"cryptogenic/non-indigenous";"BE,FR,DE,EL,IE,NL,PT,RO,ES,SE,UK";;"DK"
"Molgula plana Monniot C., 1971";"Molgula plana";"non-indigenous";;;"PT"
"Monocorophium acherusicum (Costa, 1853)";"Monocorophium acherusicum";"data-deficient";;"IE,ES,UK";
"Monocorophium sextonae (Crawford, 1937)";"Monocorophium sextonae";"cryptogenic";"BE,FR,DE,IE,NL,ES,UK";;
"Mya arenaria Linnaeus, 1758";"Mya arenaria";"cryptogenic/non-indigenous";"BE,DK,EE,FI,DE,IE,LV,LT,NL,PL,PT,ES,SE,UK";;"BG,FR,EL,IT,RO"
"Mycale (Carmia) micracanthoxea Buizer & van Soest, 1977";"Mycale (Carmia) micracanthoxea";"non-indigenous";;;"NL"
"Mycale (Carmia) senegalensis Lévi, 1952";"Mycale (Carmia) senegalensis";"non-indigenous";;;"PT"
"Myra subgranulata Kossmann, 1877";"Myra subgranulata";"non-indigenous";;;"EL"
"Myriactula rivulariae (Suhr ex Areschoug) Feldmann, 1937";"Myriactula rivulariae";"cryptogenic";"NL,UK";;
"Mytilopsis leucophaeata (Conrad, 1831)";"Mytilopsis leucophaeata";"non-indigenous";;;"BE,FI,DE,NL,PL,SE"
"Mytilus edulis Linnaeus, 1758";"Mytilus edulis";"non-indigenous";;;"PT"
"Naineris quadraticeps Day, 1965";"Naineris quadraticeps";"cryptogenic";"EL";;
"Naineris setosa (Verrill, 1900)";"Naineris setosa";"non-indigenous";;;"IT"
"Navicula finmarchica (Cleve & Grunow) Cleve, 1895";"Navicula finmarchica";"non-indigenous";;;"BG,RO"
"Neanthes agulhana (Day, 1963)";"Neanthes agulhana";"non-indigenous";;;"EL,IT,ES"
"Necora puber (Linnaeus, 1767)";"Necora puber";"non-indigenous";;;"ES,SE"
"Nemalion vermiculare Suringar, 1874";"Nemalion vermiculare";"non-indigenous";;;"FR"
"Nemopsis bachei L. Agassiz, 1849";"Nemopsis bachei";"non-indigenous";;;"BE,FR,DE,NL"
"Neodexiospira brasiliensis (Grube, 1872)";"Neodexiospira brasiliensis";"non-indigenous";;;"FR,NL"
"Neogobius melanostomus (Pallas, 1814)";"Neogobius melanostomus";"non-indigenous";;;"BE,DK,EE,FI,DE,LV,LT,NL,PL,SE"
"Neomysis americana (S.I. Smith, 1873)";"Neomysis americana";"non-indigenous";;;"NL"
"Neomysis integer (Leach, 1814)";"Neomysis integer";"non-indigenous";;;"ES"
"Neopseudocapitella brasiliensis Rullier & Amoureux, 1979";"Neopseudocapitella brasiliensis";"cryptogenic/data-deficient";"HR,CY,EL,ES";"IT";
"Neosiphonia paniculata (Montagne) J.N.Norris, 2014";"Neosiphonia paniculata";"data-deficient/non-indigenous";;"HR";"FR,IT"
"Neosiphonia sphaerocarpa (Børgesen) M.-S.Kim & I.K.Lee, 1999";"Neosiphonia sphaerocarpa";"cryptogenic";"PT";;
"Nephtys ciliata (Müller, 1788)";"Nephtys ciliata";"data-deficient";;"BG";
"Neptunea arthritica (Valenciennes, 1858)";"Neptunea arthritica";"non-indigenous";;;"BG"
"Nereis jacksoni Kinberg, 1865";"Nereis jacksoni";"data-deficient/non-indigenous";;"FR,ES";"IT"
"Nereis persica Fauvel, 1911";"Nereis persica";"data-deficient";;"HR";
"Nerita sanguinolenta Menke, 1829";"Nerita sanguinolenta";"non-indigenous";;;"EL"
"Nicidion cariboea (Grube, 1856)";"Nicidion cariboea";"data-deficient";;"ES";
"Nitophyllum stellato-corticatum Okamura, 1932";"Nitophyllum stellato-corticatum";"non-indigenous";;;"FR"
"Notocochlis gualtieriana (Récluz, 1844)";"Notocochlis gualtieriana";"non-indigenous";;;"MT"
"Notomastus aberans Day, 1957";"Notomastus aberans";"non-indigenous";;;"CY,FR,EL,IT,ES"
"Notomastus mossambicus (Thomassin, 1970)";"Notomastus mossambicus";"data-deficient/non-indigenous";;"ES";"CY"
"Notopygos crinita Grube, 1855";"Notopygos crinita";"non-indigenous";;;"IT"
"Novafabricia infratorquata (Fitzhugh, 1973)";"Novafabricia infratorquata";"data-deficient/non-indigenous";;"IT";"ES"
"Obesogammarus crassus (Sars G.O., 1894)";"Obesogammarus crassus";"non-indigenous";;;"LT,PL"
"Ochetostoma erythrogrammon Rüppell & Leuckart, 1828";"Ochetostoma erythrogrammon";"non-indigenous";;;"HR"
"Ocinebrellus inornatus (Récluz, 1851)";"Ocinebrellus inornatus";"non-indigenous";;;"DK,FR,NL,PT"
"Octotiara russelli Kramp, 1953";"Octotiara russelli";"data-deficient";;"FR";
"Oculina patagonica de Angelis, 1908";"Oculina patagonica";"cryptogenic";"HR,FR,EL,ES";;
"Oenone fulgida (Savigny in Lamarck, 1818)";"Oenone fulgida";"data-deficient";;"CY";
"Oithona davisae Ferrari F.D. & Orsi, 1984";"Oithona davisae";"non-indigenous";;;"BG,DE,RO"
"Oithona similis Claus, 1866";"Oithona similis";"data-deficient";;"ES";
"Oncorhynchus gorbuscha (Walbaum, 1792)";"Oncorhynchus gorbuscha";"non-indigenous";;;"DK,LV,SE"
"Oncorhynchus kisutch (Walbaum, 1792)";"Oncorhynchus kisutch";"data-deficient/non-indigenous";;"LV";"SE"
"Oncorhynchus mykiss (Walbaum, 1792)";"Oncorhynchus mykiss";"non-indigenous";;;"DK,EE,FI,LV,LT,NL,PL,SE"
"Ondina michaelae Cachia & Mifsud, 2015";"Ondina michaelae";"cryptogenic";"MT";;
"Ophiactis macrolepidota Marktanner-Turneretscher, 1887";"Ophiactis macrolepidota";"non-indigenous";;;"CY"
"Ophiactis savignyi (Müller & Troschel, 1842)";"Ophiactis savignyi";"non-indigenous";;;"CY,FR,EL"
"Ophryotrocha diadema Åkesson, 1976";"Ophryotrocha diadema";"non-indigenous";;;"IT"
"Ophryotrocha japonica Paxton & Åkesson, 2010";"Ophryotrocha japonica";"non-indigenous";;;"IT"
"Oplegnathus fasciatus (Temminck & Schlegel, 1844)";"Oplegnathus fasciatus";"non-indigenous";;;"MT"
"Ostraea angasi G. B. Sowerby II, 1871";"Ostraea angasi";"non-indigenous";;;"FR"
"Ostrea chilensis Philippi, 1844";"Ostrea chilensis";"non-indigenous";;;"FR,UK"
"Ostrea denselamellosa Lischke, 1869";"Ostrea denselamellosa";"non-indigenous";;;"FR"
"Ostrea puelchana d'Orbigny, 1842";"Ostrea puelchana";"non-indigenous";;;"FR"
"Ostreopsis ovata Fukuyo, 1981";"Ostreopsis ovata";"cryptogenic";"HR,EL,IT,PT";;
"Ostreopsis siamensis Johs.Schmidt, 1901";"Ostreopsis siamensis";"cryptogenic";"EL,PT,ES";;
"Oxytoxum criophilum Balech, 1965";"Oxytoxum criophilum";"non-indigenous";;;"SE"
"Oxyurichthys papuensis (Valenciennes, 1837)";"Oxyurichthys papuensis";"non-indigenous";;;"EL"
"Pachycordyle michaeli (Berrill, 1948)";"Pachycordyle michaeli";"non-indigenous";;;"DK,DE,NL,UK"
"Pachygrapsus marmoratus (Fabricius, 1787)";"Pachygrapsus marmoratus";"non-indigenous";;;"UK"
"Pachymeniopsis lanceolata (K.Okamura) Y.Yamada ex S.Kawabata, 1954";"Pachymeniopsis lanceolata";"data-deficient/non-indigenous";;"IT";"FR,PT,ES"
"Pacificincola perforata (Okada & Mawatari, 1937)";"Pacificincola perforata";"non-indigenous";;;"NL"
"Padina boergesenii Allender & Kraft, 1983";"Padina boergesenii";"data-deficient/non-indigenous";;"MT";"IT"
"Padina boryana Thivy, 1966";"Padina boryana";"non-indigenous";;;"EL"
"Pagrus major (Temminck & Schlegel, 1843)";"Pagrus major";"non-indigenous";;;"HR"
"Pagurus mbizi (Forest, 1955)";"Pagurus mbizi";"cryptogenic";"ES";;
"Palaemon elegans Rathke, 1837";"Palaemon elegans";"cryptogenic";"DK,EE,FI,DE,LV,LT,PL";;
"Palaemon macrodactylus Rathbun, 1902";"Palaemon macrodactylus";"non-indigenous";;;"BE,BG,FR,DE,IT,NL,PT,RO,ES,UK"
"Palisada maris-rubri (K.W.Nam & Saito) K.W.Nam, 2007";"Palisada maris-rubri";"cryptogenic";"EL,IT,ES";;
"Papenfussiella kuromo (Yendo) Inagaki, 1958";"Papenfussiella kuromo";"non-indigenous";;;"PT"
"Paracaprella pusilla Mayer, 1890";"Paracaprella pusilla";"non-indigenous";;;"ES"
"Paracartia grani Sars G.O., 1904";"Paracartia grani";"non-indigenous";;;"FR,EL,IT,ES"
"Paracerceis sculpta (Holmes, 1904)";"Paracerceis sculpta";"non-indigenous";;;"EL,IT,ES"
"Paradella dianae (Menzies, 1962)";"Paradella dianae";"non-indigenous";;;"CY,IT,ES"
"Paradyte crinoidicola (Potts, 1910)";"Paradyte crinoidicola";"data-deficient";;"EL";
"Paralaeospira malardi Caullery & Mesnil, 1897";"Paralaeospira malardi";"cryptogenic";"IE,UK";;
"Paraleucilla magna Klautau, Monteiro & Borojevic, 2004";"Paraleucilla magna";"non-indigenous";;;"HR,IT,MT,PT,ES"
"Paralithodes camtschaticus (Tilesius, 1815)";"Paralithodes camtschaticus";"non-indigenous";;;"IT"
"Paramphiascella vararensis (Scott T., 1903)";"Paramphiascella vararensis";"data-deficient";;"FR";
"Paramysis (Mesomysis) intermedia (Czerniavsky, 1882)";"Paramysis (Mesomysis) intermedia";"non-indigenous";;;"EE"
"Paramysis (Serrapalpisis) lacustris (Czerniavsky, 1882)";"Paramysis (Serrapalpisis) lacustris";"non-indigenous";;;"LT"
"Paranais frici Hrabe, 1941";"Paranais frici";"non-indigenous";;;"FI"
"Paranthias furcifer (Valenciennes, 1828)";"Paranthias furcifer";"non-indigenous";;;"HR"
"Paranthura japonica Richardson, 1909";"Paranthura japonica";"non-indigenous";;;"IT"
"Paraprionospio coora Wilson, 1990";"Paraprionospio coora";"cryptogenic";"EL,ES";;
"Parasmittina protecta (Thornely, 1905)";"Parasmittina protecta";"non-indigenous";;;"PT"
"Paratapes textilis (Gmelin, 1791)";"Paratapes textilis";"non-indigenous";;;"CY"
"Parexocoetus mento (Valenciennes, 1847)";"Parexocoetus mento";"non-indigenous";;;"CY,EL"
"Parvocalanus crassirostris (Dahl F., 1894)";"Parvocalanus crassirostris";"non-indigenous";;;"FR,EL"
"Pecten maximus (Linnaeus, 1758)";"Pecten maximus";"non-indigenous";;;"NL"
"Pegidia lacunata McCulloch, 1977";"Pegidia lacunata";"non-indigenous";;;"CY"
"Pelates quadrilineatus (Bloch, 1790)";"Pelates quadrilineatus";"data-deficient";;"IT";
"Pempheris rhomboidea Kossmann & Räuber, 1877";"Pempheris rhomboidea";"non-indigenous";;;"CY,EL"
"Penaeus japonicus Spence Bate, 1888";"Penaeus japonicus";"non-indigenous";;;"FR,IE,IT,PT,ES,UK"
"Penaeus pulchricaudatus Stebbing, 1914";"Penaeus pulchricaudatus";"non-indigenous";;;"CY,EL"
"Percnon gibbesi (H. Milne Edwards, 1853)";"Percnon gibbesi";"non-indigenous";;;"CY,EL,IT,MT,PT,ES"
"Perforatus perforatus (Bruguière, 1789)";"Perforatus perforatus";"non-indigenous";;;"PT"
"Peridiniella catenata (Levander) Balech, 1977";"Peridiniella catenata";"non-indigenous";;;"DK"
"Peridiniella danica (Paulsen) Y.B.Okolodkov & J.D.Dodge, 1995";"Peridiniella danica";"non-indigenous";;;"DK"
"Perinereis aibuhitensis (Grube, 1878)";"Perinereis aibuhitensis";"non-indigenous";;;"ES"
"Perophora japonica Oka, 1927";"Perophora japonica";"non-indigenous";;;"FR,DE,NL,ES,UK"
"Perophora multiclathrata (Sluiter, 1904)";"Perophora multiclathrata";"non-indigenous";;;"FR,IT"
"Perophora viridis Verrill, 1871";"Perophora viridis";"cryptogenic";"IT,PT";;
"Petalonia binghamiae (J.Agardh) K.L.Vinogradova, 1973";"Petalonia binghamiae";"non-indigenous";;;"PT"
"Petricolaria pholadiformis (Lamarck, 1818)";"Petricolaria pholadiformis";"non-indigenous";;;"BE,DK,FR,DE,EL,NL,ES,SE,UK"
"Petroscirtes ancylodon Rüppell, 1835";"Petroscirtes ancylodon";"non-indigenous";;;"EL"
"Phaeocystis pouchetii (Hariot) Lagerheim, 1896";"Phaeocystis pouchetii";"cryptogenic";"BG,EL,IE,UK";;
"Phallusia nigra Savigny, 1816";"Phallusia nigra";"non-indigenous";;;"EL"
"Phascolosoma (Phascolosoma) scolops (Selenka & de Man, 1883)";"Phascolosoma (Phascolosoma) scolops";"non-indigenous";;;"HR,CY"
"Pherusella brevituba Soule, 1951";"Pherusella brevituba";"non-indigenous";;;"IT"
"Phorcus lineatus (da Costa, 1778)";"Phorcus lineatus";"non-indigenous";;;"NL"
"Photis lamellifera Schellenberg, 1928";"Photis lamellifera";"data-deficient";;"IT";
"Phyllorhiza punctata Lendenfeld, 1884";"Phyllorhiza punctata";"non-indigenous";;;"EL,IT,ES"
"Pikea californica Harvey, 1853";"Pikea californica";"non-indigenous";;;"ES,UK"
"Pileolaria berkeleyana (Rioja, 1942)";"Pileolaria berkeleyana";"non-indigenous";;;"FR,IT,NL,UK"
"Pileolaria militaris Claparède, 1870";"Pileolaria militaris";"cryptogenic";"IE,UK";;
"Pilumnoides inglei Guinot & Macpherson, 1987";"Pilumnoides inglei";"cryptogenic";"IE";;
"Pilumnopeus vauquelini (Audouin, 1826)";"Pilumnopeus vauquelini";"non-indigenous";;;"CY"
"Pilumnus hirtellus (Linnaeus, 1761)";"Pilumnus hirtellus";"non-indigenous";;;"SE"
"Pilumnus spinifer H. Milne Edwards, 1834";"Pilumnus spinifer";"non-indigenous";;;"SE"
"Pinctada imbricata radiata (Leach, 1814)";"Pinctada imbricata";"non-indigenous";;;"HR,CY,FR,EL,IT,MT,PT,ES"
"Pinguipes brasilianus Cuvier, 1829";"Pinguipes brasilianus";"non-indigenous";;;"IT"
"Pista unibranchia Day, 1963";"Pista unibranchia";"non-indigenous";;;"CY,IT,ES"
"Planiliza haematocheila (Temminck & Schlegel, 1845)";"Planiliza haematocheila";"non-indigenous";;;"BG,EL,RO"
"Planispirinella exigua (Brady, 1879)";"Planispirinella exigua";"non-indigenous";;;"HR"
"Planogypsina acervalis (Brady, 1884)";"Planogypsina acervalis";"non-indigenous";;;"HR,EL"
"Platorchestia platensis (Krøyer, 1845)";"Platorchestia platensis";"cryptogenic/non-indigenous";"DK,FR,DE,NL,SE";;"PL"
"Platycephalus indicus (Linnaeus, 1758)";"Platycephalus indicus";"non-indigenous";;;"IT"
"Pleurosigma simonsenii Hasle, 1990";"Pleurosigma simonsenii";"non-indigenous";;;"DE,NL"
"Plocamium secundatum (Kützing) Kützing, 1866";"Plocamium secundatum";"data-deficient/non-indigenous";;"ES";"IT"
"Podarkeopsis capensis (Day, 1963)";"Podarkeopsis capensis";"data-deficient/non-indigenous";;"EL,IE";"IT,UK"
"Poecilopsetta beanii (Goode, 1881)";"Poecilopsetta beanii";"non-indigenous";;;"IE"
"Polyandrocarpa zorritensis (Van Name, 1931)";"Polyandrocarpa zorritensis";"non-indigenous";;;"IT,ES"
"Polycera hedgpethi Er. Marcus, 1964";"Polycera hedgpethi";"non-indigenous";;;"FR,IT,ES"
"Polycerella emertoni A. E. Verrill, 1880";"Polycerella emertoni";"non-indigenous";;;"EL,IT,MT,ES"
"Polycirrus twisti Potts, 1928";"Polycirrus twisti";"non-indigenous";;;"EL"
"Polyclinum aurantium Milne Edwards, 1841";"Polyclinum aurantium";"non-indigenous";;;"PT"
"Polydora colonia Moore, 1907";"Polydora colonia";"non-indigenous";;;"IT,ES"
"Polydora cornuta Bosc, 1802";"Polydora cornuta";"non-indigenous";;;"BG,FR,EL,IT,PT,RO,ES,UK"
"Polydora hoplura Claparède, 1868";"Polydora hoplura";"non-indigenous";;;"BE,FR,NL,UK"
"Polydora spongicola Berkeley & Berkeley, 1950";"Polydora spongicola";"cryptogenic";"EL";;
"Polydora websteri Hartman in Loosanoff & Engle, 1943";"Polydora websteri";"cryptogenic";"RO";;
"Polyopes lancifolius (Harvey) Kawaguchi & Wang, 2002";"Polyopes lancifolius";"non-indigenous";;;"FR"
"Polysiphonia atlantica Kapraun & J.N.Norris, 1982";"Polysiphonia atlantica";"cryptogenic";"CY,FR,EL,IT,ES";;
"Polysiphonia forfex Harvey, 1859";"Polysiphonia forfex";"non-indigenous";;;"FR"
"Polysiphonia morrowii Harvey, 1857";"Polysiphonia morrowii";"non-indigenous";;;"FR,IT,ES"
"Polysiphonia senticulosa Harvey, 1862";"Polysiphonia senticulosa";"non-indigenous";;;"BE,NL"
"Polysiphonia subtilissima Montagne, 1840";"Polysiphonia subtilissima";"cryptogenic";"IE";;
"Pomacanthus maculosus (Forsskål, 1775)";"Pomacanthus maculosus";"non-indigenous";;;"ES"
"Pomadasys stridens (Forsskål, 1775)";"Pomadasys stridens";"non-indigenous";;;"IT"
"Pontogammarus robustoides (Sars, 1894)";"Pontogammarus robustoides";"non-indigenous";;;"EE,DE,LV,LT,PL"
"Porcelloides tenuicaudus (Claus, 1860)";"Porcelloides tenuicaudus";"cryptogenic";"IE";;
"Porphyra umbilicalis Kützing, 1843";"Porphyra umbilicalis";"non-indigenous";;;"DK"
"Portunus segnis (Forskål, 1775)";"Portunus segnis";"non-indigenous";;;"CY,EL,IT,MT"
"Potamopyrgus antipodarum (Gray, 1843)";"Potamopyrgus antipodarum";"non-indigenous";;;"BE,DK,EE,FI,FR,DE,IE,LV,LT,NL,PL,PT,RO,ES,SE"
"Potamothrix bedoti (Piguet, 1913)";"Potamothrix bedoti";"non-indigenous";;;"SE"
"Potamothrix heuscheri (Bretscher, 1900)";"Potamothrix heuscheri";"non-indigenous";;;"SE"
"Potamothrix vejdovskyi (Hrabe, 1941)";"Potamothrix vejdovskyi";"non-indigenous";;;"SE"
"Predaea huismanii Kraft, 1984";"Predaea huismanii";"non-indigenous";;;"ES"
"Prionospio pulchra Imajima, 1990";"Prionospio pulchra";"data-deficient/non-indigenous";;"IT";"EL,PT,ES"
"Prionospio pygmaeus Hartman, 1961";"Prionospio pygmaeus";"non-indigenous";;;"IT"
"Procambarus clarkii (Girard, 1852)";"Procambarus clarkii";"non-indigenous";;;"PT"
"Proceraea cornuta (Agassiz, 1862)";"Proceraea cornuta";"non-indigenous";;;"UK"
"Processa macrodactyla Holthuis, 1952";"Processa macrodactyla";"non-indigenous";;;"ES"
"Prorocentrum borbonicum L.Ten-Hage, J.Turquet, J.-P.Quod, S.Puiseux-Dao & A.Couté, 2000";"Prorocentrum borbonicum";"non-indigenous";;;"EL"
"Prorocentrum cordatum (Ostenfeld) J.D.Dodge, 1975";"Prorocentrum cordatum";"cryptogenic";"BG,HR,EE,FI,DE,LT,PL,SE";;
"Prorocentrum emarginatum Y.Fukuyo, 1981";"Prorocentrum emarginatum";"non-indigenous";;;"EL"
"Prorocentrum gracile Schütt, 1895";"Prorocentrum gracile";"non-indigenous";;;"DK"
"Prorocentrum levis M.A.Faust, Kibler, Vandersea, P.A.Tester & Litaker, 2008";"Prorocentrum levis";"non-indigenous";;;"EL"
"Prorocentrum lima (Ehrenberg) F.Stein, 1878";"Prorocentrum lima";"non-indigenous";;;"DK"
"Prorocentrum triestinum J.Schiller, 1918";"Prorocentrum triestinum";"cryptogenic";"DK";;
"Prosphaerosyllis longipapillata (Hartmann-Schröder, 1979)";"Prosphaerosyllis longipapillata";"non-indigenous";;;"CY"
"Protodorvillea biarticulata Day, 1963";"Protodorvillea biarticulata";"non-indigenous";;;"EL"
"Protodorvillea egena (Ehlers, 1913)";"Protodorvillea egena";"non-indigenous";;;"IT"
"Protoperidinium quinquecorne (Abé, 1927) Balech, 1974";"Protoperidinium quinquecorne";"non-indigenous";;;"BG,DK,RO,SE"
"Protoreaster nodosus (Linnaeus, 1758)";"Protoreaster nodosus";"non-indigenous";;;"ES"
"Psammacoma gubernaculum (Hanley, 1844)";"Psammacoma gubernaculum";"non-indigenous";;;"CY"
"Psenes pellucidus Lütken, 1880";"Psenes pellucidus";"non-indigenous";;;"FR"
"Pseudanthias squamipinnis (Peters, 1855)";"Pseudanthias squamipinnis";"data-deficient";;"IT";
"Pseudo-nitzschia multistriata (Takano) Takano, 1995";"Pseudo-nitzschia multistriata";"non-indigenous";;;"FR,IT,PT,ES"
"Pseudochattonella sp.";"Pseudochattonella";"non-indigenous";;;"DK"
"Pseudochattonella verruculosa (Y.Hara & M.Chihara) S.Tanabe-Hosoi, D.Honda, S.Fukaya, Y.Inagaki & Y.Sako, 2007";"Pseudochattonella verruculosa";"cryptogenic/non-indigenous";"DK,DE";;"EL"
"Pseudodiaptomus marinus Sato, 1913";"Pseudodiaptomus marinus";"data-deficient/non-indigenous";;"FR";"DE,IT,NL"
"Pseudolachlanella slitella Langer, 1992";"Pseudolachlanella slitella";"non-indigenous";;;"CY"
"Pseudonereis anomala Gravier, 1899";"Pseudonereis anomala";"non-indigenous";;;"CY,EL"
"Pseudopolydora paucibranchiata (Okuda, 1937)";"Pseudopolydora paucibranchiata";"non-indigenous";;;"EL,IT,PT,ES,UK"
"Psiloteredo megotara (Hanley in Forbes & Hanley, 1848)";"Psiloteredo megotara";"cryptogenic";"BE,FR,NL";;
"Pteragogus trispilus Randall, 2013";"Pteragogus trispilus";"non-indigenous";;;"CY,EL"
"Pteria hirundo (Linnaeus, 1758)";"Pteria hirundo";"non-indigenous";;;"RO"
"Pterois miles (Bennett, 1828)";"Pterois miles";"non-indigenous";;;"EL"
"Pterosiphonia pinnulata (Kützing) Maggs & Hommersand, 1993";"Pterosiphonia pinnulata";"cryptogenic";"PT";;
"Pterosiphonia tanakae S.Uwai & M.Masuda, 1999";"Pterosiphonia tanakae";"non-indigenous";;;"FR"
"Ptilohyale littoralis (Stimpson, 1853)";"Ptilohyale littoralis";"non-indigenous";;;"NL"
"Puellina (Cribrilaria) innominata (Couch, 1844)";"Puellina (Cribrilaria) innominata";"non-indigenous";;;"ES"
"Punctaria tenuissima (C.Agardh) Greville, 1830";"Punctaria tenuissima";"non-indigenous";;;"FR,IT,RO"
"Purpuradusta gracilis notata (Gill, 1858)";"Purpuradusta gracilis";"non-indigenous";;;"CY"
"Pycnoclavella taureanensis Brunetti, 1991";"Pycnoclavella taureanensis";"non-indigenous";;;"PT"
"Pylaiella littoralis (Linnaeus) Kjellman, 1872";"Pylaiella littoralis";"non-indigenous";;;"FR,EL,IT,RO,ES"
"Pyrgulina pupaeformis (Souverbie, 1865)";"Pyrgulina pupaeformis";"non-indigenous";;;"CY"
"Pyropia koreana (M.S.Hwang & I.K.Lee) M.S.Hwang, H.G.Choi Y.S.Oh & I.K.Lee, 2011";"Pyropia koreana";"cryptogenic";"EL,ES";;
"Pyropia suborbiculata (Kjellman) J.E.Sutherland, H.G.Choi, M.S. Hwang & W.A.Nelson, 2011";"Pyropia suborbiculata";"non-indigenous";;;"PT,ES"
"Pyropia yezoensis (Ueda) M.S.Hwang & H.G.Choi, 2011";"Pyropia yezoensis";"non-indigenous";;;"FR,IT,UK"
"Pyrunculus fourierii (Audouin, 1826)";"Pyrunculus fourierii";"non-indigenous";;;"CY"
"Pyura tessellata (Forbes, 1848)";"Pyura tessellata";"non-indigenous";;;"PT"
"Rangia cuneata (G. B. Sowerby I, 1832)";"Rangia cuneata";"non-indigenous";;;"BE,NL"
"Rapana venosa (Valenciennes, 1846)";"Rapana venosa";"non-indigenous";;;"BE,BG,FR,EL,IT,NL,RO,SI,ES,UK"
"Reptadeonella violacea (Johnston, 1847)";"Reptadeonella violacea";"non-indigenous";;;"ES"
"Rhinoclavis kochi (Philippi, 1848)";"Rhinoclavis kochi";"non-indigenous";;;"CY"
"Rhithropanopeus harrisii (Gould, 1841)";"Rhithropanopeus harrisii";"non-indigenous";;;"BE,BG,DK,EE,FI,FR,DE,IT,LT,NL,PL,PT,RO,ES,UK"
"Rhizogeton nudus Broch, 1910 ";"Rhizogeton nudus";"cryptogenic";"IE";;
"Rhizosolenia calcar-avis Schultze, 1858";"Rhizosolenia calcar-avis";"non-indigenous";;;"DK"
"Rhodophysema georgei Batters, 1900";"Rhodophysema georgei";"non-indigenous";;;"FR"
"Rhopilema nomadica Galil, 1990";"Rhopilema nomadica";"non-indigenous";;;"CY,EL,MT"
"Rissoina bertholleti Issel, 1869";"Rissoina bertholleti";"non-indigenous";;;"CY"
"Ruditapes decussatus (Linnaeus, 1758)";"Ruditapes decussatus";"non-indigenous";;;"PT"
"Ruditapes philippinarum (Adams & Reeve, 1850)";"Ruditapes philippinarum";"non-indigenous";;;"BE,FR,IE,IT,NL,PT,RO,SI,ES,UK"
"Rugulopteryx okamurae (E.Y.Dawson) I.K.Hwang, W.J.Lee & H.S.Kim, 2009";"Rugulopteryx okamurae";"non-indigenous";;;"FR"
"Sabella spallanzanii (Gmelin, 1791)";"Sabella spallanzanii";"cryptogenic";"PT";;
"Sabellaria spinulosa (Leuckart, 1849)";"Sabellaria spinulosa";"non-indigenous";;;"NL"
"Saccharina japonica (J.E. Areschoug) C.E.Lane, C.Mayes, Druehl & G.W.Saunders, 2006";"Saccharina japonica";"non-indigenous";;;"FR,DE"
"Saccostrea cuccullata (Born, 1778)";"Saccostrea cuccullata";"non-indigenous";;;"IT"
"Saccostrea glomerata (Gould, 1850)";"Saccostrea glomerata";"non-indigenous";;;"IT"
"Salvelinus fontinalis (Mitchill, 1814)";"Salvelinus fontinalis";"non-indigenous";;;"SE"
"Salvelinus namaycush (Walbaum, 1792)";"Salvelinus namaycush";"non-indigenous";;;"SE"
"Sarcodiotheca gaudichaudii (Montagne) P.W.Gabrielson, 1982";"Sarcodiotheca gaudichaudii";"non-indigenous";;;"UK"
"Sarconema filiforme (Sonder) Kylin, 1932";"Sarconema filiforme";"non-indigenous";;;"FR"
"Sarconema scinaioides Børgesen, 1934";"Sarconema scinaioides";"non-indigenous";;;"EL"
"Sargassum muticum (Yendo) Fensholt, 1955";"Sargassum muticum";"non-indigenous";;;"BE,DK,FR,DE,IE,IT,NL,PT,ES,SE,UK"
"Sargocentron rubrum (Forsskål, 1775)";"Sargocentron rubrum";"non-indigenous";;;"CY,EL"
"Saurida lessepsianus Russell, Golani & Tikochinski, 2015";"Saurida lessepsianus";"non-indigenous";;;"CY,EL,IT"
"Scageliopsis patens Wollaston, 1981";"Scageliopsis patens";"non-indigenous";;;"PT,ES"
"Scarus ghobban Forsskål, 1775";"Scarus ghobban";"non-indigenous";;;"CY"
"Scatophagus argus (Linnaeus, 1766)";"Scatophagus argus";"non-indigenous";;;"MT"
"Schizobrachiella verrilli (Maturo & Schopf, 1968)";"Schizobrachiella verrilli";"cryptogenic";"BE,DE";;
"Schizoporella errata (Waters, 1878)";"Schizoporella errata";"cryptogenic";"EL,ES";;
"Schizoporella japonica Ortmann, 1890";"Schizoporella japonica";"non-indigenous";;;"UK"
"Schizoporella pungens Canu & Bassler, 1928";"Schizoporella pungens";"non-indigenous";;;"PT"
"Schizoporella unicornis (Johnston in Wood, 1844)";"Schizoporella unicornis";"cryptogenic";"PT,ES";;
"Scinaia acuta M.J.Wynne, 2005";"Scinaia acuta";"non-indigenous";;;"ES"
"Scolionema suvaense (Agassiz & Mayer, 1899)";"Scolionema suvaense";"non-indigenous";;;"FR,IT"
"Scomberomorus commerson (Lacepède, 1800)";"Scomberomorus commerson";"non-indigenous";;;"CY,EL"
"Scruparia ambigua (d'Orbigny, 1841)";"Scruparia ambigua";"non-indigenous";;;"ES"
"Scyllarus caparti Holthuis, 1952";"Scyllarus caparti";"non-indigenous";;;"IT"
"Scytosiphon dotyi M.J.Wynne, 1969";"Scytosiphon dotyi";"non-indigenous";;;"FR,IT,ES,UK"
"Sebastapistes strongia (Cuvier, 1829)";"Sebastapistes strongia";"non-indigenous";;;"CY"
"Sebastes schlegelii Hilgendorf, 1880";"Sebastes schlegelii";"non-indigenous";;;"NL"
"Sebastes schlegelii Hilgendorf, 1880 ";"Sebastes schlegelii";"non-indigenous";;;"BE"
"Selene dorsalis (Gill, 1863)";"Selene dorsalis";"cryptogenic";"MT";;
"Sepioteuthis lessoniana Férussac [in Lesson], 1831";"Sepioteuthis lessoniana";"non-indigenous";;;"CY,EL"
"Septifer cumingii Récluz, 1848";"Septifer cumingii";"non-indigenous";;;"CY,EL"
"Sertularia marginata (Kirchenpauer, 1864)";"Sertularia marginata";"non-indigenous";;;"EL"
"Sigambra parva (Day, 1963)";"Sigambra parva";"non-indigenous";;;"EL,ES"
"Siganus luridus (Rüppell, 1829)";"Siganus luridus";"non-indigenous";;;"HR,CY,FR,EL,IT,MT"
"Siganus rivulatus Forsskål & Niebuhr, 1775";"Siganus rivulatus";"non-indigenous";;;"HR,CY,EL"
"Sillago suezensis Golani, Fricke & Tikochinski, 2013";"Sillago suezensis";"non-indigenous";;;"CY"
"Sinelobus vanhaareni Bamber, 2014";"Sinelobus vanhaareni";"non-indigenous";;;"BE,EE,DE,NL"
"Sinophysis canaliculata J.-P.Quod, L.Ten-Hage, J.Turquet, G.Mascarell & A.Couté, 1999";"Sinophysis canaliculata";"non-indigenous";;;"EL"
"Siphonaria pectinata (Linnaeus, 1758)";"Siphonaria pectinata";"cryptogenic";"HR,EL,ES";;
"Sirpus monodi Gordon, 1953";"Sirpus monodi";"cryptogenic";"EL";;
"Skeletonema tropicum Cleve, 1900";"Skeletonema tropicum";"non-indigenous";;;"IT"
"Smaragdia souverbiana (Montrouzier in Souverbie & Montrouzier, 1863)";"Smaragdia souverbiana";"non-indigenous";;;"CY,EL"
"Smittoidea prolifica Osburn, 1952";"Smittoidea prolifica";"non-indigenous";;;"DE,NL"
"Solieria chordalis (C.Agardh) J.Agardh, 1842";"Solieria chordalis";"non-indigenous";;;"FR,UK"
"Solieria filiformis (Kützing) P.W.Gabrielson, 1985";"Solieria filiformis";"non-indigenous";;;"FR,IT,UK"
"Sorites orbiculus (Forskål, 1775)";"Sorites orbiculus";"cryptogenic";"EL";;
"Sorites variabilis Lacroix, 1941";"Sorites variabilis";"data-deficient/non-indigenous";;"IT";"FR,EL"
"Spartina alterniflora Loisel.";"Spartina alterniflora";"non-indigenous";;;"FR,UK"
"Spartina maritima (Curt.) Fernald";"Spartina maritima";"non-indigenous";;;"UK"
"Spartina pectinata Link";"Spartina pectinata";"non-indigenous";;;"UK"
"Spartina townsendii H. & J. Groves";"Spartina townsendii";"non-indigenous";;;"BE,IE"
"Spartina townsendii var. anglica C.E. Hubbard";"Spartina townsendii var. anglica";"non-indigenous";;;"BE,DK,FR,DE,IE,SE,UK"
"Spartina versicolor";"Spartina";"non-indigenous";;;"FR"
"Sparus aurata Linnaeus, 1758";"Sparus aurata";"non-indigenous";;;"PT,ES"
"Spermothamnion cymosum (Harvey) De Toni, 1903";"Spermothamnion cymosum";"non-indigenous";;;"IT"
"Sphaeroma walkeri Stebbing, 1905";"Sphaeroma walkeri";"non-indigenous";;;"FR,IT,RO,ES"
"Sphaerotrichia firma (E.S.Gepp) A.D.Zinova, 1958";"Sphaerotrichia firma";"non-indigenous";;;"FR"
"Sphyraena flavicauda Rüppell, 1838";"Sphyraena flavicauda";"non-indigenous";;;"EL"
"Sphyraena pinguis Gunther, 1874";"Sphyraena pinguis";"non-indigenous";;;"HR,CY,EL,MT"
"Spinocalanus terranovae Damkaer, 1975";"Spinocalanus terranovae";"cryptogenic";"MT";;
"Spirobranchus tetraceros (Schmarda, 1861)";"Spirobranchus tetraceros";"non-indigenous";;;"CY,EL"
"Spiroloculina angulata Cushman, 1917";"Spiroloculina angulata";"cryptogenic";"EL";;
"Spiroloculina antillarum d'Orbigny, 1839";"Spiroloculina antillarum";"non-indigenous";;;"EL"
"Spirorbis (Spirorbis) marioni Caullery & Mesnil, 1897";"Spirorbis (Spirorbis) marioni";"non-indigenous";;;"CY,FR,EL,IT,PT,ES"
"Spondylus spinosus Schreibers, 1793";"Spondylus spinosus";"non-indigenous";;;"CY"
"Spongoclonium caribaeum (Børgesen) M.J.Wynne, 2005";"Spongoclonium caribaeum";"non-indigenous";;;"FR,PT,ES,UK"
"Stenothoe georgiana Bynum & Fox, 1977";"Stenothoe georgiana";"non-indigenous";;;"ES"
"Stephanolepis diaspros Fraser-Brunner, 1940";"Stephanolepis diaspros";"non-indigenous";;;"HR,CY,EL,IT,MT"
"Sternaspis scutata (Ranzani, 1817)";"Sternaspis scutata";"non-indigenous";;;"UK"
"Sternodromia spinirostris (Miers, 1881)";"Sternodromia spinirostris";"non-indigenous";;;"IT"
"Steromphala adansonii (Payraudeau, 1826)";"Steromphala adansonii";"non-indigenous";;;"ES"
"Steromphala cineraria (Linnaeus, 1758)";"Steromphala cineraria";"non-indigenous";;;"MT,NL"
"Sticteulima lentiginosa (A. Adams, 1861)";"Sticteulima lentiginosa";"non-indigenous";;;"CY"
"Stomatella sp.";"Stomatella";"non-indigenous";;;"MT"
"Streblosoma comatus (Grube, 1859)";"Streblosoma comatus";"non-indigenous";;;"IT"
"Streblospio benedicti Webster, 1879";"Streblospio benedicti";"data-deficient/non-indigenous";;"SE";"FR,NL,UK"
"Streblospio gynobranchiata Rice & Levin, 1998";"Streblospio gynobranchiata";"non-indigenous";;;"RO"
"Streptosyllis varians Webster & Benedict, 1887";"Streptosyllis varians";"data-deficient";;"BG";
"Styela canopus (Savigny, 1816)";"Styela canopus";"non-indigenous";;;"PT"
"Styela clava Herdman, 1881";"Styela clava";"non-indigenous";;;"BE,DK,FR,DE,IE,NL,PT,RO,ES,UK"
"Styela plicata (Lesueur, 1823)";"Styela plicata";"non-indigenous";;;"FR,IT,MT,PT,ES"
"Stylochus (Stylochus) flevensis Hofker, 1930";"Stylochus (Stylochus) flevensis";"cryptogenic";"NL";;
"Stypopodium schimperi (Kützing) M.Verlaque & Boudouresque, 1991";"Stypopodium schimperi";"non-indigenous";;;"CY,EL,ES"
"Suberites massa Nardo, 1847";"Suberites massa";"non-indigenous";;;"NL"
"Sycon scaldiense (Van Koolwijk, 1982)";"Sycon scaldiense";"cryptogenic";"NL";;
"Syllidia armata Quatrefages, 1866";"Syllidia armata";"non-indigenous";;;"NL"
"Syllis gracilis Grube 1840";"Syllis gracilis";"non-indigenous";;;"NL"
"Syllis hyllebergi (Licher, 1999)";"Syllis hyllebergi";"non-indigenous";;;"IT"
"Syllis pectinans Haswell, 1920";"Syllis pectinans";"non-indigenous";;;"ES"
"Symphyocladia marchantioides (Harvey) Falkenberg, 1897";"Symphyocladia marchantioides";"non-indigenous";;;"IT,PT"
"Synagrops japonicus (Döderlein, 1883)";"Synagrops japonicus";"non-indigenous";;;"IT"
"Synaptula reciprocans (Forsskål, 1775)";"Synaptula reciprocans";"non-indigenous";;;"CY,EL"
"Synidotea laticauda Benedict, 1897";"Synidotea laticauda";"non-indigenous";;;"BE,FR,DE,NL,PT,ES"
"Syphonota geographica (A. Adams & Reeve, 1850)";"Syphonota geographica";"non-indigenous";;;"EL,IT"
"Syrnola fasciata Jickeli, 1882";"Syrnola fasciata";"non-indigenous";;;"CY"
"Takayama tasmanica de Salas, Bolch & Hallegraeff, 2003";"Takayama tasmanica";"non-indigenous";;;"FR"
"Tayuva lilacina (Gould, 1852)";"Tayuva lilacina";"cryptogenic";"ES";;
"Telmatogeton japonicus Tokunaga, 1933";"Telmatogeton japonicus";"non-indigenous";;;"BE,FI,DE,IE,NL,PL,SE"
"Terapon theraps Cuvier, 1829";"Terapon theraps";"non-indigenous";;;"EL,SI"
"Terebella ehrenbergi Gravier, 1906";"Terebella ehrenbergi";"data-deficient/non-indigenous";;"CY,EL";"FR"
"Terebella lapidaria Linnaeus, 1767";"Terebella lapidaria";"data-deficient/non-indigenous";;"IE";"UK"
"Teredo navalis Linnaeus, 1758";"Teredo navalis";"cryptogenic";"BE,DK,FR,DE,EL,IE,NL,SE,UK";;
"Thalamita gloriensis Crosnier, 1962";"Thalamita gloriensis";"non-indigenous";;;"IT"
"Thalamita poissonii (Audouin, 1826)";"Thalamita poissonii";"non-indigenous";;;"CY,EL"
"Thalassiosira hendeyi Hasle & G.Fryxell, 1977";"Thalassiosira hendeyi";"non-indigenous";;;"BE,NL"
"Thalassiosira tealata Takano, 1980";"Thalassiosira tealata";"non-indigenous";;;"UK"
"Theora lubrica Gould, 1861";"Theora lubrica";"non-indigenous";;;"IT,ES"
"Tonicia atrata (G.B. Sowerby II, 1840)";"Tonicia atrata";"non-indigenous";;;"PT,ES"
"Tonna pennata (Mörch, 1853)";"Tonna pennata";"non-indigenous";;;"PT"
"Torquigener flavimaculosus Hardy & Randall, 1983";"Torquigener flavimaculosus";"non-indigenous";;;"CY,EL"
"Trachysalambria palaestinensis (Steinitz, 1932)";"Trachysalambria palaestinensis";"non-indigenous";;;"EL"
"Tremoctopus gracilis (Souleyet, 1852)";"Tremoctopus gracilis";"non-indigenous";;;"HR,IT"
"Tricellaria inopinata d'Hondt & Occhipinti Ambrogi, 1985";"Tricellaria inopinata";"non-indigenous";;;"BE,FR,DE,IE,IT,NL,PT,ES,UK"
"Trichydra pudica Wright, 1857";"Trichydra pudica";"data-deficient";;"HR";
"Triconia hawii (Böttger-Schnack & Boxshall, 1990)";"Triconia hawii";"non-indigenous";;;"IT"
"Triconia rufa (Boxshall & Böttger, 1987)";"Triconia rufa";"non-indigenous";;;"IT"
"Triconia umerus (Böttger-Schnack & Boxshall, 1990)";"Triconia umerus";"non-indigenous";;;"IT"
"Trieres mobiliensis (J.W.Bailey) Ashworth & Theriot, 2013";"Trieres mobiliensis";"non-indigenous";;;"DK"
"Trieres regia (M.Schultze) M.P.Ashworth & E.C.Theriot, 2013";"Trieres regia";"non-indigenous";;;"DK"
"Trinectes maculatus (Bloch & Schneider, 1801)";"Trinectes maculatus";"non-indigenous";;;"NL"
"Tripos arietinus (Cleve) F.Gómez, 2013";"Tripos arietinus";"non-indigenous";;;"DK"
"Tripos macroceros (Ehrenberg) F.Gómez, 2013";"Tripos macroceros";"non-indigenous";;;"DK"
"Tritia neritea (Linnaeus, 1758)";"Tritia neritea";"non-indigenous";;;"FR,ES"
"Trochus erithreus Brocchi, 1821";"Trochus erithreus";"non-indigenous";;;"CY"
"Truncatella subcylindrica (Linnaeus, 1767)";"Truncatella subcylindrica";"non-indigenous";;;"PT"
"Tubificoides heterochaetus (Michaelsen, 1926)";"Tubificoides heterochaetus";"cryptogenic";"BE";;
"Tubularia indivisa Linnaeus, 1758";"Tubularia indivisa";"non-indigenous";;;"PT"
"Turbonilla edgarii (Melvill, 1896)";"Turbonilla edgarii";"non-indigenous";;;"CY"
"Tylerius spinosissimus (Regan, 1908)";"Tylerius spinosissimus";"non-indigenous";;;"EL"
"Tylosurus crocodilus crocodilus (Péron & Lesueur, 1821)";"Tylosurus crocodilus";"non-indigenous";;;"EL"
"Ulonema rhizophorum Foslie, 1894";"Ulonema rhizophorum";"cryptogenic";"UK";;
"Ulva australis Areschoug, 1854";"Ulva australis";"non-indigenous";;;"FR,IT,NL,PT,ES"
"Ulva californica Wille, 1899";"Ulva californica";"non-indigenous";;;"DE,IE,IT"
"Ulva lactuca Linnaeus, 1753";"Ulva lactuca";"cryptogenic/non-indigenous";"EL";;"FR,ES"
"Ulva ohnoi M.Hiraoka & S.Shimada, 2004";"Ulva ohnoi";"non-indigenous";;;"IT"
"Ulvaria obscura (Kützing) P.Gayral ex C.Bliding, 1969";"Ulvaria obscura";"non-indigenous";;;"FR,IT,UK"
"Undaria pinnatifida (Harvey) Suringar, 1873";"Undaria pinnatifida";"non-indigenous";;;"BE,FR,IT,NL,PT,ES,UK"
"Undella hadai Balech, 1962";"Undella hadai";"non-indigenous";;;"HR"
"Upeneus moluccensis (Bleeker, 1855)";"Upeneus moluccensis";"non-indigenous";;;"CY,EL"
"Upeneus pori Ben-Tuvia & Golani, 1989";"Upeneus pori";"non-indigenous";;;"CY,EL"
"Uronema marinum Womersley";"Uronema marinum";"non-indigenous";;;"IT"
"Urosalpinx cinerea (Say, 1822)";"Urosalpinx cinerea";"non-indigenous";;;"BE,FR,NL,ES,UK"
"Vallicula multiformis Rankin, 1956";"Vallicula multiformis";"non-indigenous";;;"PT"
"Vertebrata fucoides (Hudson) Kuntze, 1891";"Vertebrata fucoides";"cryptogenic";"BG,CY,FR,EL,IT,RO,ES";;
"Victorella pavida Saville-Kent, 1870";"Victorella pavida";"cryptogenic";"FI,FR,DE,SE";;
"Virididentula dentata (Lamouroux, 1816)";"Virididentula dentata";"non-indigenous";;;"PT"
"Watersipora subatra (Ortmann, 1890)";"Watersipora subatra";"non-indigenous";;;"UK"
"Watersipora subtorquata (d'Orbigny, 1852)";"Watersipora subtorquata";"cryptogenic";"FR,IE,PT,UK";;
"Womersleyella setacea (Hollenberg) R.E.Norris, 1992";"Womersleyella setacea";"non-indigenous";;;"HR,CY,FR,EL,IT,MT,ES"
"Xenostrobus securis (Lamarck, 1819)";"Xenostrobus securis";"non-indigenous";;;"FR,IT,ES"
"Zafra savignyi (Moazzo, 1939)";"Zafra savignyi";"non-indigenous";;;"CY"
"Zafra selasphora (Melvill & Standen, 1901)";"Zafra selasphora";"non-indigenous";;;"CY"
