"AphiaID";"ScientificName";"Rank";"Kingdom";"Phylum";"Bottom_Fauna";"Bottom_Vegetation";"Phytoplankton";"Zooplankton";"SpeciesList"
55;"Polyplacophora";"Class";"Animalia";"Mollusca";TRUE;TRUE;;;"Polyplacophora indet."
101;"Gastropoda";"Class";"Animalia";"Mollusca";TRUE;TRUE;;TRUE;"Gastropoda indet. \ GASTROPODA, PROSOBRANCHIA, NUDIBRANCHIA"
105;"Bivalvia";"Class";"Animalia";"Mollusca";TRUE;TRUE;;TRUE;"Bivalvia indet. \ Lamellibranchiata"
120;"Hydrobiidae";"Family";"Animalia";"Mollusca";TRUE;TRUE;;;"HYDROBIIDAE \ Hydrobiidae indet. \ Hydrobiidae sp."
211;"Mytilidae";"Family";"Animalia";"Mollusca";TRUE;TRUE;;;"Mytilidae \ MYTILIDAE \ Mytilidae indet."
558;"Porifera";"Phylum";"Animalia";"Porifera";TRUE;TRUE;;;"PORIFERA \ Porifera indet."
559;"Calcarea";"Class";"Animalia";"Porifera";TRUE;TRUE;;;"Calcarea indet. \ Calcispongiae"
794;"Turbellaria";"Class";"Animalia";"Platyhelminthes";TRUE;TRUE;;TRUE;"Turbellaria \ Turbellaria indet."
799;"Nematoda";"Phylum";"Animalia";"Nematoda";TRUE;TRUE;;TRUE;"Nematoda \ Nematoda indet."
802;"Chlorophyceae";"Class";"Plantae";"Chlorophyta";;TRUE;TRUE;;"Chlorophyceae"
883;"Polychaeta";"Class";"Animalia";"Annelida";TRUE;TRUE;;TRUE;"Polychaeta indet."
913;"Spionidae";"Family";"Animalia";"Annelida";TRUE;TRUE;;TRUE;"Spionidae \ Spionidae indet."
931;"Phyllodocidae";"Family";"Animalia";"Annelida";TRUE;TRUE;;TRUE;"Phyllodocidae \ PHYLLODOCIDAE \ Phyllodocidae indet. \ Phyllodocidae indet. (æg)"
939;"Polynoidae";"Family";"Animalia";"Annelida";TRUE;TRUE;;TRUE;"POLYNOIDAE \ Polynoidae indet."
946;"Hesionidae";"Family";"Animalia";"Annelida";TRUE;TRUE;;;"Hesionidae \ HESIONIDAE \ Hesionidae indet."
948;"Syllidae";"Family";"Animalia";"Annelida";TRUE;TRUE;;;"Syllidae \ SYLLIDAE \ Syllidae indet."
981;"Ampharetidae";"Family";"Animalia";"Annelida";TRUE;TRUE;;;"Ampharetidae \ AMPHARETIDAE \ Ampharetidae indet."
982;"Terebellidae";"Family";"Animalia";"Annelida";TRUE;TRUE;;;"TEREBELLIDAE \ Terebellidae indet."
988;"Serpulidae";"Family";"Animalia";"Annelida";TRUE;TRUE;;;"Serpulidae \ SERPULIDAE \ Serpulidae indet."
1066;"Crustacea";"Subphylum";"Animalia";"Arthropoda";TRUE;TRUE;;TRUE;"Crustacea \ CRUSTACEA \ Crustacea indet."
1078;"Ostracoda";"Class";"Animalia";"Arthropoda";TRUE;TRUE;;TRUE;"Ostracoda \ Ostracoda indet."
1080;"Copepoda";"Subclass";"Animalia";"Arthropoda";TRUE;TRUE;;TRUE;"Copepoda \ Copepoda indet."
1082;"Cirripedia";"Infraclass";"Animalia";"Arthropoda";TRUE;TRUE;;;"Cirripedia \ Cirripedia indet."
1101;"Cyclopoida";"Order";"Animalia";"Arthropoda";TRUE;;;TRUE;"Cyclopoida \ Cyclopoida indet."
1102;"Harpacticoida";"Order";"Animalia";"Arthropoda";TRUE;;;TRUE;"Harpacticoida \ HARPACTICOIDA \ Harpacticoida indet."
1130;"Decapoda";"Order";"Animalia";"Arthropoda";TRUE;TRUE;;TRUE;"Decapoda indet."
1131;"Isopoda";"Order";"Animalia";"Arthropoda";TRUE;TRUE;;;"Isopoda \ ISOPODA \ Isopoda indet."
1135;"Amphipoda";"Order";"Animalia";"Arthropoda";TRUE;TRUE;;;"Amphipoda \ AMPHIPODA \ Amphipoda indet."
1207;"Gammaridea";"Suborder";"Animalia";"Arthropoda";TRUE;TRUE;;;"Gammaridea \ Gammaridea indet."
1267;"Cnidaria";"Phylum";"Animalia";"Cnidaria";;TRUE;;TRUE;"Cnidaria"
1292;"Anthozoa";"Class";"Animalia";"Cnidaria";TRUE;TRUE;;;"Anthozoa \ Anthozoa indet."
1337;"Hydrozoa";"Class";"Animalia";"Cnidaria";TRUE;TRUE;;;"Hydrozoa indet."
1360;"Actiniaria";"Order";"Animalia";"Cnidaria";TRUE;TRUE;;;"Actiniaria indet."
1484;"Halacaridae";"Family";"Animalia";"Arthropoda";TRUE;TRUE;;TRUE;"Halacaridae \ HALACARIDAE \ Halacaridae indet."
1606;"Campanulariidae";"Family";"Animalia";"Cnidaria";TRUE;TRUE;;;"CAMPANULARIIDAE \ Campanulariidae indet."
1613;"Plumulariidae";"Family";"Animalia";"Cnidaria";TRUE;TRUE;;;"Plumulariidae \ Plumulariidae indet."
1614;"Sertulariidae";"Family";"Animalia";"Cnidaria";TRUE;TRUE;;;"SERTULARIIDAE \ Sertulariidae indet."
1762;"Nudibranchia";"Order";"Animalia";"Mollusca";TRUE;TRUE;;;"NUDIBRANCHIA \ Nudibranchia indet. \ Nudibranchia indet. (æg)."
1806;"Echinodermata";"Phylum";"Animalia";"Echinodermata";TRUE;TRUE;;TRUE;"Echinodermata \ Echinodermata indet."
1839;"Ascidiacea";"Class";"Animalia";"Chordata";TRUE;TRUE;;TRUE;"Ascidiacea indet."
2036;"Oligochaeta";"Subclass";"Animalia";"Annelida";TRUE;TRUE;;;"Oligochaeta \ Oligochaeta indet."
2041;"Hirudinea";"Subclass";"Animalia";"Annelida";TRUE;TRUE;;;"Hirudinea \ Hirudinea indet."
11676;"Pisces";"Superclass";"Animalia";"Chordata";TRUE;TRUE;;TRUE;"PISCES \ Pisces indet."
13795;"Epicaridea";"Infraorder";"Animalia";"Arthropoda";TRUE;;;TRUE;"Epicaridea indet. \ Epicaridea sp."
22496;"Nereididae";"Family";"Animalia";"Annelida";TRUE;TRUE;;TRUE;"Nereididae \ NEREIDIDAE \ Nereididae indet."
100694;"Actinia";"Genus";"Animalia";"Cnidaria";TRUE;TRUE;;;"Actinia sp."
100776;"Sagartia";"Genus";"Animalia";"Cnidaria";TRUE;TRUE;;;"SAGARTIA \ Sagartia sp."
100777;"Sagartiogeton";"Genus";"Animalia";"Cnidaria";TRUE;TRUE;;;"Sagartiogeton sp."
100834;"Urticina felina";"Species";"Animalia";"Cnidaria";TRUE;TRUE;;;"Tealia felina \ Urticina felina"
100882;"Edwardsia danica";"Species";"Animalia";"Cnidaria";TRUE;TRUE;;;"Edwardsia danica"
100982;"Metridium senile";"Species";"Animalia";"Cnidaria";TRUE;TRUE;;;"Metridium senile"
100999;"Sagartiogeton laceratus";"Species";"Animalia";"Cnidaria";TRUE;TRUE;;;"Sagartiogeton laceratus"
101156;"Halicryptus spinulosus";"Species";"Animalia";"Cephalorhyncha";TRUE;TRUE;;;"Halicryptus spinulosus"
101368;"Aoridae";"Family";"Animalia";"Arthropoda";TRUE;TRUE;;;"Aoridae \ Aoridae indet."
101383;"Gammaridae";"Family";"Animalia";"Arthropoda";TRUE;TRUE;;;"Gammaridae \ GAMMARIDAE \ Gammaridae indet."
101395;"Lysianassidae";"Family";"Animalia";"Arthropoda";TRUE;TRUE;;;"Lysianassidae \ LYSIANASSIDAE \ Lysianassidae indet."
101430;"Caprella";"Genus";"Animalia";"Arthropoda";TRUE;TRUE;;;"Caprella sp."
101471;"Microdeutopus";"Genus";"Animalia";"Arthropoda";TRUE;TRUE;;;"Microdeutopus sp."
101537;"Gammarus";"Genus";"Animalia";"Arthropoda";TRUE;TRUE;;;"Gammarus sp."
101567;"Ericthonius";"Genus";"Animalia";"Arthropoda";TRUE;TRUE;;;"Ericthonius sp."
101839;"Caprella linearis";"Species";"Animalia";"Arthropoda";TRUE;TRUE;;;"Caprella linearis"
101843;"Caprella microtuberculata";"Species";"Animalia";"Arthropoda";TRUE;TRUE;;;"Caprella microtuberculata"
101851;"Caprella septentrionalis";"Species";"Animalia";"Arthropoda";TRUE;TRUE;;;"Caprella loveni \ Caprella punctata \ Caprella septentrionalis"
102002;"Ampithoe rubricata";"Species";"Animalia";"Arthropoda";TRUE;TRUE;;;"Amphithoe rubricata \ Ampithoe rubricata"
102047;"Microdeutopus damnoniensis";"Species";"Animalia";"Arthropoda";TRUE;TRUE;;;"Microdeutopus damnoniensis \ Microdeutopus danmoniensis"
102048;"Microdeutopus gryllotalpa";"Species";"Animalia";"Arthropoda";TRUE;TRUE;;;"Microdeutopus gryllotalpa"
102101;"Corophium volutator";"Species";"Animalia";"Arthropoda";TRUE;TRUE;;;"Corophium volutator"
102135;"Dexamine spinosa";"Species";"Animalia";"Arthropoda";TRUE;TRUE;;;"Dexamine spinosa"
102160;"Apherusa bispinosa";"Species";"Animalia";"Arthropoda";TRUE;TRUE;;;"Apherusa bispinosa"
102178;"Calliopius laeviusculus";"Species";"Animalia";"Arthropoda";TRUE;TRUE;;;"Calliopius laeviusculus"
102253;"Gammarellus homari";"Species";"Animalia";"Arthropoda";TRUE;TRUE;;;"Gammarellus homari"
102261;"Echinogammarus marinus";"Species";"Animalia";"Arthropoda";TRUE;TRUE;;;"Chaetogammarus marinus"
102281;"Gammarus locusta";"Species";"Animalia";"Arthropoda";TRUE;TRUE;;;"Gammarus locusta"
102285;"Gammarus oceanicus";"Species";"Animalia";"Arthropoda";TRUE;TRUE;;;"Gammarus oceanicus"
102367;"Gammaropsis nitida";"Species";"Animalia";"Arthropoda";TRUE;TRUE;;;"Gammaropsis nitida \ Podoceropsis nitida"
102387;"Photis reinhardi";"Species";"Animalia";"Arthropoda";TRUE;TRUE;;;"Photis reinhardi"
102401;"Ericthonius brasiliensis";"Species";"Animalia";"Arthropoda";TRUE;TRUE;;;"Ericthonius brasiliensis"
102403;"Ericthonius difformis";"Species";"Animalia";"Arthropoda";TRUE;TRUE;;;"Ericthonius difformis"
102409;"Ericthonius rubricornis";"Species";"Animalia";"Arthropoda";TRUE;TRUE;;;"Ericthonius hunteri \ Ericthonius rubricornis"
102412;"Ischyrocerus anguipes";"Species";"Animalia";"Arthropoda";TRUE;TRUE;;;"Ischyroceros anguipis \ Ischyrocerus anguipes"
102431;"Jassa falcata";"Species";"Animalia";"Arthropoda";TRUE;TRUE;;;"Jassa falcata"
102437;"Jassa pusilla";"Species";"Animalia";"Arthropoda";TRUE;TRUE;;;"Jassa pusilla"
102443;"Protomedeia fasciata";"Species";"Animalia";"Arthropoda";TRUE;TRUE;;;"Protomedeia fasciata"
102720;"Scopelocheirus hopei";"Species";"Animalia";"Arthropoda";TRUE;TRUE;;;"Scopelocheirus crenatus \ Scopelocheirus hopei"
102797;"Cheirocratus robustus";"Species";"Animalia";"Arthropoda";TRUE;TRUE;;;"Cheirocratus robustus"
102843;"Melita palmata";"Species";"Animalia";"Arthropoda";TRUE;TRUE;;;"Melita palmata"
102989;"Phoxocephalus holbolli";"Species";"Animalia";"Arthropoda";TRUE;TRUE;;;"Phoxocephalus holboelli"
103058;"Bathyporeia elegans";"Species";"Animalia";"Arthropoda";TRUE;TRUE;;;"Bathyporeia elegans"
103060;"Bathyporeia guilliamsoniana";"Species";"Animalia";"Arthropoda";TRUE;TRUE;;;"Bathyporeia guilliamsoniana"
103068;"Bathyporeia pilosa";"Species";"Animalia";"Arthropoda";TRUE;TRUE;;;"Bathyporeia pilosa"
103073;"Bathyporeia sarsi";"Species";"Animalia";"Arthropoda";TRUE;TRUE;;;"Bathyporeia sarsi"
103169;"Stenothoe monoculoides";"Species";"Animalia";"Arthropoda";TRUE;TRUE;;;"Stenothoe monoculoides"
103251;"Hyperia galba";"Species";"Animalia";"Arthropoda";TRUE;;;TRUE;"Hyperia galba"
103488;"Ciona";"Genus";"Animalia";"Chordata";TRUE;TRUE;;TRUE;"Ciona sp."
103509;"Molgula";"Genus";"Animalia";"Chordata";TRUE;TRUE;;;"Molgula sp."
103718;"Ascidiella aspersa";"Species";"Animalia";"Chordata";TRUE;TRUE;;;"Ascidiella aspersa"
103719;"Ascidiella scabra";"Species";"Animalia";"Chordata";TRUE;TRUE;;;"Ascidiella scabra"
103732;"Ciona intestinalis";"Species";"Animalia";"Chordata";TRUE;TRUE;;;"Ciona intestinalis"
103791;"Molgula occulta";"Species";"Animalia";"Chordata";TRUE;TRUE;;;"Molgula occulta"
103862;"Botryllus schlosseri";"Species";"Animalia";"Chordata";TRUE;TRUE;;;"Botryllus schlosseri"
103882;"Dendrodoa grossularia";"Species";"Animalia";"Chordata";TRUE;TRUE;;;"Dendrodoa grossularia"
103929;"Styela clava";"Species";"Animalia";"Chordata";TRUE;TRUE;;;"Styela clava"
104108;"Acartia";"Genus";"Animalia";"Arthropoda";TRUE;;;TRUE;"Acartia sp. \ Acartia spp."
104464;"Calanus finmarchicus";"Species";"Animalia";"Arthropoda";TRUE;;;TRUE;"Calanus finmarchicus"
104496;"Centropages hamatus";"Species";"Animalia";"Arthropoda";TRUE;;;TRUE;"Centropages hamatus"
104872;"Eurytemora affinis";"Species";"Animalia";"Arthropoda";TRUE;;;TRUE;"Eurytemora affinis \ Eurytemora hirundo \ Eurytemora hirundoides"
104906;"Branchiostoma lanceolatum";"Species";"Animalia";"Chordata";TRUE;;;TRUE;"Branchiostoma lanceolatum"
105410;"Sagitta";"Genus";"Animalia";"Chaetognatha";TRUE;;;TRUE;"Sagitta sp. \ Sagitta spp."
105443;"Parasagitta setosa";"Species";"Animalia";"Chaetognatha";TRUE;;;TRUE;"Sagitta setosa"
106057;"Balanidae";"Family";"Animalia";"Arthropoda";TRUE;TRUE;TRUE;;"Balanidae \ Balanidae indet."
106122;"Balanus";"Genus";"Animalia";"Arthropoda";TRUE;TRUE;;TRUE;"Balanus sp."
106210;"Semibalanus balanoides";"Species";"Animalia";"Arthropoda";TRUE;TRUE;;TRUE;"Balanus balanoides"
106213;"Balanus balanus";"Species";"Animalia";"Arthropoda";TRUE;TRUE;;TRUE;"Balanus balanus"
106215;"Balanus crenatus";"Species";"Animalia";"Arthropoda";TRUE;TRUE;;TRUE;"Balanus crenatus"
106257;"Verruca stroemia";"Species";"Animalia";"Arthropoda";TRUE;TRUE;;TRUE;"Verruca stroemia"
106674;"Caridea";"Infraorder";"Animalia";"Arthropoda";TRUE;TRUE;;;"Caridea \ Caridea indet."
106782;"Crangonidae";"Family";"Animalia";"Arthropoda";TRUE;TRUE;;;"Crangonidae \ CRANGONIDAE \ Crangonidae indet."
106788;"Palaemonidae";"Family";"Animalia";"Arthropoda";TRUE;TRUE;;;"Palaemonidae indet. \ Palaemonidae sp."
106854;"Pagurus";"Genus";"Animalia";"Arthropoda";TRUE;TRUE;;;"Pagurus sp."
106926;"Macropipus";"Genus";"Animalia";"Arthropoda";TRUE;;;TRUE;"Macropipus sp."
107032;"Palaemon";"Genus";"Animalia";"Arthropoda";TRUE;;;TRUE;"Palaemon sp."
107188;"Pisidia longicornis";"Species";"Animalia";"Arthropoda";TRUE;TRUE;;;"Pisidia longicornis \ Porcellana longicornis"
107232;"Pagurus bernhardus";"Species";"Animalia";"Arthropoda";TRUE;TRUE;;TRUE;"Eupagurus bernhardus \ Pagurus bernhardus"
107276;"Cancer pagurus";"Species";"Animalia";"Arthropoda";TRUE;TRUE;;TRUE;"Cancer pagurus"
107322;"Hyas araneus";"Species";"Animalia";"Arthropoda";TRUE;TRUE;;;"Hyas araneus"
107345;"Macropodia rostrata";"Species";"Animalia";"Arthropoda";TRUE;TRUE;;TRUE;"Macropodia rostata \ Macropodia rostrata"
107381;"Carcinus maenas";"Species";"Animalia";"Arthropoda";TRUE;TRUE;;TRUE;"Carcinus maenas"
107387;"Liocarcinus depurator";"Species";"Animalia";"Arthropoda";TRUE;TRUE;;;"Liocarcinus depurator"
107551;"Crangon allmanni";"Species";"Animalia";"Arthropoda";TRUE;;;TRUE;"Crangon allmani"
107552;"Crangon crangon";"Species";"Animalia";"Arthropoda";TRUE;TRUE;;TRUE;"Crangon crangon"
107613;"Palaemon adspersus";"Species";"Animalia";"Arthropoda";TRUE;TRUE;;TRUE;"Palaemon adspersus"
107614;"Palaemon elegans";"Species";"Animalia";"Arthropoda";TRUE;TRUE;;TRUE;"Palaemon elegans"
107726;"Calocaris macandreae";"Species";"Animalia";"Arthropoda";TRUE;;;TRUE;"Calocaris macandreae"
109921;"Noctiluca scintillans";"Species";"Chromista";"Myzozoa";;;TRUE;TRUE;"Noctiluca scintillans"
110487;"Diastylis rathkei";"Species";"Animalia";"Arthropoda";TRUE;TRUE;;;"Diastylis rathkei"
110536;"Eudorellopsis deformis";"Species";"Animalia";"Arthropoda";TRUE;TRUE;;;"Eudorellopsis deformis"
110762;"Membraniporidae";"Family";"Animalia";"Bryozoa";TRUE;TRUE;;;"Membraniporidae indet. \ Membraniporidae sp."
110866;"Scrupocellaria";"Genus";"Animalia";"Bryozoa";TRUE;TRUE;;;"SCRUPOCELLARIA \ Scrupocellaria sp."
110904;"Electra";"Genus";"Animalia";"Bryozoa";TRUE;TRUE;;TRUE;"Cyphonautes \ Electra sp."
110993;"Alcyonidium";"Genus";"Animalia";"Bryozoa";TRUE;TRUE;;;"Alcyonidium sp."
111314;"Cribrilina punctata";"Species";"Animalia";"Bryozoa";TRUE;TRUE;;;"Cribrilina punctata"
111355;"Electra pilosa";"Species";"Animalia";"Bryozoa";TRUE;TRUE;;TRUE;"Electra pilosa"
111361;"Eucratea loricata";"Species";"Animalia";"Bryozoa";TRUE;TRUE;;;"Eucratea loricata"
111367;"Flustra foliacea";"Species";"Animalia";"Bryozoa";TRUE;TRUE;;;"Flustra foliacea"
111374;"Securiflustra securifrons";"Species";"Animalia";"Bryozoa";TRUE;TRUE;;;"Flustra securifrons \ Securiflusta securifrons \ Securiflustra securifrons"
111411;"Membranipora membranacea";"Species";"Animalia";"Bryozoa";;TRUE;;TRUE;"Membranipora membranacea"
111601;"Alcyonidium hirsutum";"Species";"Animalia";"Bryozoa";TRUE;TRUE;;;"Alcyonidium hirsutum"
111696;"Crisia eburnea";"Species";"Animalia";"Bryozoa";TRUE;TRUE;;;"Crisia eburnea"
116980;"Piscicola geometra";"Species";"Animalia";"Annelida";TRUE;TRUE;;;"Piscicola geometra"
117033;"Laomedea";"Genus";"Animalia";"Cnidaria";TRUE;TRUE;;;"Laomedea sp."
117034;"Obelia";"Genus";"Animalia";"Cnidaria";TRUE;TRUE;;TRUE;"OBELIA \ Obelia sp \ Obelia sp."
117093;"Eudendrium";"Genus";"Animalia";"Cnidaria";TRUE;TRUE;;;"Eudendrium sp."
117368;"Clytia hemisphaerica";"Species";"Animalia";"Cnidaria";TRUE;TRUE;;TRUE;"Campanularia johnstoni \ Clytia hemisphaerica \ Clytia johnstoni"
117377;"Gonothyraea loveni";"Species";"Animalia";"Cnidaria";TRUE;TRUE;;;"Gonothyraea loveni \ Laomedea hyalina \ Laomedea loveni \ Obelia loveni"
117388;"Obelia geniculata";"Species";"Animalia";"Cnidaria";TRUE;TRUE;;;"Laomedea geniculata \ Obelia geniculata"
117413;"Opercularella lacerata";"Species";"Animalia";"Cnidaria";TRUE;TRUE;;;"Campanulina lacerata \ Opercularella lacerata"
117426;"Clava multicornis";"Species";"Animalia";"Cnidaria";TRUE;TRUE;;;"Clava multicornis \ Clava squamata"
117644;"Hydractinia echinata";"Species";"Animalia";"Cnidaria";TRUE;TRUE;;;"Hydractinia echinata"
117870;"Abietinaria abietina";"Species";"Animalia";"Cnidaria";TRUE;TRUE;;;"Abietinaria abietina"
117888;"Dynamena pumila";"Species";"Animalia";"Cnidaria";TRUE;TRUE;;;"Dynamena pumila"
117913;"Sertularia cupressina";"Species";"Animalia";"Cnidaria";TRUE;TRUE;;;"Sertularella cupressina \ Sertularia cupressina"
118100;"Chironomidae";"Family";"Animalia";"Arthropoda";TRUE;TRUE;;;"Chironomidae \ CHIRONOMIDAE \ Chironomidae indet."
118364;"Jaera";"Genus";"Animalia";"Arthropoda";TRUE;TRUE;;;"Jaera sp."
118454;"Idotea";"Genus";"Animalia";"Arthropoda";TRUE;TRUE;;;"Idotea sp."
118474;"Cyathura carinata";"Species";"Animalia";"Arthropoda";TRUE;TRUE;;;"Cyathura carinata"
118732;"Janira maculosa";"Species";"Animalia";"Arthropoda";TRUE;TRUE;;;"Janira maculosa"
119039;"Idotea balthica";"Species";"Animalia";"Arthropoda";TRUE;TRUE;;;"Idotea balthica \ Idotea baltica"
119042;"Idotea chelipes";"Species";"Animalia";"Arthropoda";TRUE;TRUE;;;"Idotea chelipes \ Idotea viridis"
119044;"Idotea granulosa";"Species";"Animalia";"Arthropoda";TRUE;TRUE;;;"Idotea granulosa"
119048;"Idotea neglecta";"Species";"Animalia";"Arthropoda";TRUE;TRUE;;;"Idotea neglecta"
119050;"Idotea pelagica";"Species";"Animalia";"Arthropoda";TRUE;TRUE;;;"Idotea pelagica"
119822;"Mysidae";"Family";"Animalia";"Arthropoda";TRUE;TRUE;;;"MYSIDAE \ Mysidae indet."
120020;"Gastrosaccus spinifer";"Species";"Animalia";"Arthropoda";TRUE;TRUE;;;"Gastrosaccus spinifer"
120178;"Praunus inermis";"Species";"Animalia";"Arthropoda";TRUE;TRUE;;;"Praunus inermis"
120204;"Schistomysis ornata";"Species";"Animalia";"Arthropoda";TRUE;TRUE;;;"Mysis ornata \ Schistomysis ornata"
120206;"Schistomysis spiritus";"Species";"Animalia";"Arthropoda";TRUE;TRUE;;;"Mysis spiritus \ Schistomysis spiritus"
123080;"Asteroidea";"Class";"Animalia";"Echinodermata";TRUE;TRUE;;;"Asteroidea indet."
123082;"Echinoidea";"Class";"Animalia";"Echinodermata";TRUE;TRUE;;TRUE;"Echinoidea \ Echinoidea indet."
123083;"Holothuroidea";"Class";"Animalia";"Echinodermata";TRUE;TRUE;;;"Holothuroidea \ Holothuroidea indet."
123084;"Ophiuroidea";"Class";"Animalia";"Echinodermata";TRUE;TRUE;;TRUE;"Ophiuroidea indet."
123108;"Apodida";"Order";"Animalia";"Echinodermata";TRUE;;;TRUE;"Apoda \ Apoda indet."
123386;"Echinus";"Genus";"Animalia";"Echinodermata";TRUE;TRUE;;;"Echinus sp."
123574;"Ophiura";"Genus";"Animalia";"Echinodermata";TRUE;TRUE;;TRUE;"Ophiura sp."
123613;"Amphiura";"Genus";"Animalia";"Echinodermata";TRUE;TRUE;;;"Amphiura sp."
123776;"Asterias rubens";"Species";"Animalia";"Echinodermata";TRUE;TRUE;;TRUE;"Asterias rubens"
123803;"Marthasterias glacialis";"Species";"Animalia";"Echinodermata";TRUE;TRUE;;;"Martasterias glacialis \ Marthasterias glacialis"
124273;"Echinocyamus pusillus";"Species";"Animalia";"Echinodermata";TRUE;TRUE;;;"Echinocyamus pusillus"
124287;"Echinus esculentus";"Species";"Animalia";"Echinodermata";TRUE;TRUE;;;"Echinus esculentus"
124319;"Psammechinus miliaris";"Species";"Animalia";"Echinodermata";TRUE;TRUE;;TRUE;"Psammechinus miliaris"
124321;"Strongylocentrotus droebachiensis";"Species";"Animalia";"Echinodermata";TRUE;TRUE;;;"Strongylocentrotus droebachiensis"
124392;"Echinocardium cordatum";"Species";"Animalia";"Echinodermata";TRUE;TRUE;;TRUE;"Echinocardium cordatum"
124710;"Psolus phantapus";"Species";"Animalia";"Echinodermata";TRUE;TRUE;;;"Psolus phantapus"
124913;"Ophiura albida";"Species";"Animalia";"Echinodermata";TRUE;TRUE;;TRUE;"Ophiura albida"
125027;"Ophiocomina nigra";"Species";"Animalia";"Echinodermata";TRUE;TRUE;;;"Ophiocomina nigra"
125080;"Amphiura filiformis";"Species";"Animalia";"Echinodermata";TRUE;TRUE;;;"Amphiura filiformis"
125125;"Ophiopholis aculeata";"Species";"Animalia";"Echinodermata";TRUE;TRUE;;;"Ophiopholis aculeata"
125131;"Ophiothrix fragilis";"Species";"Animalia";"Echinodermata";TRUE;TRUE;;TRUE;"Ophiothrix fragilis"
125333;"Alcyonium digitatum";"Species";"Animalia";"Cnidaria";TRUE;TRUE;;;"Alcyonium digitatum"
125537;"Gobiidae";"Family";"Animalia";"Chordata";TRUE;TRUE;;TRUE;"Gobiidae indet."
126436;"Gadus morhua";"Species";"Animalia";"Chordata";;TRUE;;TRUE;"Gadus morhua"
126505;"Gasterosteus aculeatus";"Species";"Animalia";"Chordata";TRUE;TRUE;;TRUE;"Gasterosteus aculeatus"
126928;"Pomatoschistus minutus";"Species";"Animalia";"Chordata";;TRUE;;TRUE;"Pomatoschistus minutus"
126996;"Pholis gunnellus";"Species";"Animalia";"Chordata";TRUE;TRUE;;;"Pholis gunellus \ Pholis gunnellus"
127139;"Limanda limanda";"Species";"Animalia";"Chordata";TRUE;TRUE;;TRUE;"Limanda limanda"
127141;"Platichthys flesus";"Species";"Animalia";"Chordata";;TRUE;;TRUE;"Platichthys flesus"
127393;"Syngnathus typhle";"Species";"Animalia";"Chordata";;TRUE;;TRUE;"Syngnathus typhle"
128549;"Phoronis muelleri";"Species";"Animalia";"Phoronida";TRUE;;;TRUE;"Phoronis muelleri"
129155;"Ampharete";"Genus";"Animalia";"Annelida";TRUE;TRUE;;;"Ampharete sp."
129211;"Capitella";"Genus";"Animalia";"Annelida";TRUE;TRUE;;;"CAPITELLA \ Capitella sp. \ Capitellides sp. \ Capitomastus sp."
129242;"Chaetozone";"Genus";"Animalia";"Annelida";TRUE;TRUE;;;"Chaetozone sp."
129379;"Nereis";"Genus";"Animalia";"Annelida";TRUE;TRUE;;;"NEREIS \ Nereis sp."
129437;"Pectinaria";"Genus";"Animalia";"Annelida";TRUE;;;TRUE;"Pectinaria sp."
129443;"Eteone";"Genus";"Animalia";"Annelida";TRUE;TRUE;;;"Eteone sp."
129446;"Eumida";"Genus";"Animalia";"Annelida";TRUE;TRUE;;;"Eumida sp."
129491;"Harmothoe";"Genus";"Animalia";"Annelida";TRUE;TRUE;;TRUE;"Harmothoe sp."
129614;"Malacoceros";"Genus";"Animalia";"Annelida";TRUE;;;TRUE;"Malacoceros sp."
129619;"Polydora";"Genus";"Animalia";"Annelida";TRUE;TRUE;;TRUE;"POLYDORA \ Polydora sp."
129623;"Scolelepis";"Genus";"Animalia";"Annelida";TRUE;;;TRUE;"Scolelepis sp."
129625;"Spio";"Genus";"Animalia";"Annelida";TRUE;TRUE;;TRUE;"Spio sp."
129642;"Spirorbis";"Genus";"Animalia";"Annelida";TRUE;TRUE;;;"Spirorbis sp."
129654;"Exogone";"Genus";"Animalia";"Annelida";TRUE;TRUE;;;"Exogone sp."
129659;"Myrianida";"Genus";"Animalia";"Annelida";TRUE;TRUE;;;"AUTOLYTUS \ Autolytus sp."
129868;"Arenicola marina";"Species";"Animalia";"Annelida";TRUE;TRUE;;;"Arenicola marina"
129876;"Capitella capitata";"Species";"Animalia";"Annelida";TRUE;TRUE;;;"Capitella capitata"
129879;"Capitella minima";"Species";"Animalia";"Annelida";TRUE;TRUE;;;"Capitomastus minimus"
129959;"Cirratulus cirratus";"Species";"Animalia";"Annelida";TRUE;TRUE;;;"Cirratulus cirratus"
130103;"Flabelligera affinis";"Species";"Animalia";"Annelida";TRUE;TRUE;;;"Flabelligera affinis"
130113;"Pherusa plumosa";"Species";"Animalia";"Annelida";TRUE;TRUE;;;"Pherusa plumosa"
130116;"Glycera alba";"Species";"Animalia";"Annelida";TRUE;;;TRUE;"Glycera alba"
130185;"Nereimyra punctata";"Species";"Animalia";"Annelida";TRUE;TRUE;;TRUE;"Nereimyra punctata"
130198;"Syllidia armata";"Species";"Animalia";"Annelida";TRUE;TRUE;;;"Syllidia armata"
130271;"Magelona mirabilis";"Species";"Animalia";"Annelida";TRUE;;;TRUE;"Magelona mirabilis"
130352;"Nephtys pente";"Species";"Animalia";"Annelida";TRUE;TRUE;;;"Nephtys pente"
130355;"Nephtys caeca";"Species";"Animalia";"Annelida";TRUE;TRUE;;;"Nephtys caeca"
130356;"Nephtys ciliata";"Species";"Animalia";"Annelida";TRUE;TRUE;;TRUE;"Nephtys ciliata"
130359;"Nephtys hombergii";"Species";"Animalia";"Annelida";TRUE;TRUE;;;"Nephtys hombergii"
130364;"Nephtys longosetosa";"Species";"Animalia";"Annelida";TRUE;TRUE;;;"Nephtys longosetosa"
130404;"Nereis pelagica";"Species";"Animalia";"Annelida";TRUE;TRUE;;TRUE;"Nereis pelagica"
130417;"Platynereis dumerilii";"Species";"Animalia";"Annelida";TRUE;TRUE;;;"Platynereis dumerili \ Platynereis dumerilii"
130500;"Ophelina acuminata";"Species";"Animalia";"Annelida";TRUE;TRUE;;;"Ophelina acuminata"
130537;"Scoloplos armiger";"Species";"Animalia";"Annelida";TRUE;TRUE;;;"Scoloplos armiger"
130598;"Pholoe assimilis";"Species";"Animalia";"Annelida";TRUE;TRUE;;;"Pholoe assimilis"
130599;"Pholoe baltica";"Species";"Animalia";"Annelida";TRUE;TRUE;;;"Pholoe baltica"
130601;"Pholoe inornata";"Species";"Animalia";"Annelida";TRUE;TRUE;;;"Pholoe inornata"
130613;"Eteone flava";"Species";"Animalia";"Annelida";TRUE;TRUE;;;"Eteone flava"
130616;"Eteone longa";"Species";"Animalia";"Annelida";TRUE;TRUE;;TRUE;"Eteone longa"
130624;"Eulalia bilineata";"Species";"Animalia";"Annelida";TRUE;TRUE;;;"Eulalia bilineata"
130639;"Eulalia viridis";"Species";"Animalia";"Annelida";TRUE;TRUE;;;"Eulalia viridis"
130644;"Eumida sanguinea";"Species";"Animalia";"Annelida";TRUE;TRUE;;;"Eumida sanguinea"
130683;"Pseudomystides limbata";"Species";"Animalia";"Annelida";TRUE;TRUE;;;"Pseudomystides limbata"
130735;"Bylgides sarsi";"Species";"Animalia";"Annelida";TRUE;TRUE;;;"Anthinoella sarsi \ Antinoella sarsi \ Harmothoe sarsi"
130738;"Enipo kinbergi";"Species";"Animalia";"Annelida";TRUE;TRUE;;;"Enipo kinbergi"
130749;"Gattyana cirrhosa";"Species";"Animalia";"Annelida";TRUE;TRUE;;TRUE;"Gattyana cirrosa"
130754;"Harmothoe antilopes";"Species";"Animalia";"Annelida";TRUE;TRUE;;;"Harmothoe antilopes"
130769;"Harmothoe imbricata";"Species";"Animalia";"Annelida";TRUE;TRUE;;TRUE;"Harmothoe imbricata"
130770;"Harmothoe impar";"Species";"Animalia";"Annelida";TRUE;TRUE;;TRUE;"Harmothoe elisabethae \ Harmothoe impar"
130801;"Lepidonotus squamatus";"Species";"Animalia";"Annelida";TRUE;TRUE;;TRUE;"Lepidonotus squamatus"
130913;"Fabricia stellaris";"Species";"Animalia";"Annelida";TRUE;TRUE;;;"Fabricia sabella \ Fabricia stellaris"
130980;"Scalibregma inflatum";"Species";"Animalia";"Annelida";TRUE;TRUE;;;"Scalibregma inflatum"
131107;"Aonides paucibranchiata";"Species";"Animalia";"Annelida";TRUE;TRUE;;;"Aonides paucibranchiata"
131117;"Dipolydora coeca";"Species";"Animalia";"Annelida";TRUE;TRUE;;TRUE;"Polydora caeca"
131121;"Dipolydora quadrilobata";"Species";"Animalia";"Annelida";TRUE;TRUE;;;"Polydora quadrilobata"
131141;"Polydora ciliata";"Species";"Animalia";"Annelida";TRUE;TRUE;;TRUE;"Polydora ciliata"
131143;"Polydora cornuta";"Species";"Animalia";"Annelida";TRUE;TRUE;;TRUE;"Polydora cornuta \ Polydora ligni"
131170;"Pygospio elegans";"Species";"Animalia";"Annelida";TRUE;TRUE;;TRUE;"Pygospio elegans"
131180;"Spio armata";"Species";"Animalia";"Annelida";TRUE;TRUE;;;"Spio armata"
131183;"Spio filicornis";"Species";"Animalia";"Annelida";TRUE;TRUE;;;"Spio filicornis"
131185;"Spio martinensis";"Species";"Animalia";"Annelida";TRUE;TRUE;;;"Spio martinensis"
131187;"Spiophanes bombyx";"Species";"Animalia";"Annelida";TRUE;TRUE;;;"Spiophanes bombyx"
131402;"Streptosyllis websteri";"Species";"Animalia";"Annelida";TRUE;TRUE;;;"Streptosyllis websteri"
131474;"Amphitrite cirrata";"Species";"Animalia";"Annelida";TRUE;TRUE;;;"Amphitrite cirrata"
131495;"Lanice conchilega";"Species";"Animalia";"Annelida";TRUE;TRUE;;TRUE;"Lanice conchilega"
131500;"Lysilla loveni";"Species";"Animalia";"Annelida";TRUE;TRUE;;;"Lysilla loveni"
131504;"Neoamphitrite figulus";"Species";"Animalia";"Annelida";TRUE;TRUE;;;"Neoamphitrite figulus"
131508;"Nicolea zostericola";"Species";"Animalia";"Annelida";TRUE;TRUE;;;"Nicolea zostericola"
131531;"Polycirrus medusa";"Species";"Animalia";"Annelida";TRUE;TRUE;;;"Polycirrus medusa"
131573;"Terebellides stroemii";"Species";"Animalia";"Annelida";TRUE;TRUE;;;"Terebellides stroemi"
131576;"Trochochaeta multisetosa";"Species";"Animalia";"Annelida";TRUE;;;TRUE;"Trochochaeta multisetosa"
134591;"Nymphon";"Genus";"Animalia";"Arthropoda";TRUE;TRUE;;;"Nymphon sp."
134958;"Synchaeta";"Genus";"Animalia";"Rotifera";;;TRUE;TRUE;"Synchaeta spp."
135220;"Scyphozoa";"Class";"Animalia";"Cnidaria";TRUE;;;TRUE;"Scyphozoa \ Scyphozoa indet."
135226;"Stauromedusae";"Order";"Animalia";"Cnidaria";TRUE;TRUE;;;"Eleutherocarpidae indet. \ Stauromedusae sp."
135306;"Aurelia aurita";"Species";"Animalia";"Cnidaria";;TRUE;;TRUE;"Aurelia aurita"
136060;"Nephasoma (Nephasoma) minutum";"Species";"Animalia";"Sipuncula";TRUE;TRUE;;;"Golfingia minuta \ Phascolosoma minuta"
136486;"Tanaissus lilljeborgi";"Species";"Animalia";"Arthropoda";TRUE;TRUE;;;"Tanaissus lilljeborgi"
137571;"Tubificoides benedii";"Species";"Animalia";"Annelida";TRUE;TRUE;;;"Tubificoides benedeni \ Tubificoides benedii"
137735;"Cerastoderma";"Genus";"Animalia";"Mollusca";TRUE;TRUE;;;"CERASTODERMA \ Cerastoderma sp."
138081;"Hydrobia";"Genus";"Animalia";"Mollusca";TRUE;TRUE;;;"HYDROBIA \ Hydrobia sp."
138135;"Littorina";"Genus";"Animalia";"Mollusca";TRUE;TRUE;;;"Littorina sp."
138142;"Tectura";"Genus";"Animalia";"Mollusca";TRUE;TRUE;;;"Tectura sp."
138211;"Mya";"Genus";"Animalia";"Mollusca";TRUE;TRUE;;;"Mya sp."
138315;"Chlamys";"Genus";"Animalia";"Mollusca";TRUE;TRUE;;;"Chlamys sp."
138333;"Ensis";"Genus";"Animalia";"Mollusca";TRUE;TRUE;;;"Ensis sp."
138456;"Rissoa";"Genus";"Animalia";"Mollusca";TRUE;TRUE;;;"Rissoa sp."
138590;"Gibbula";"Genus";"Animalia";"Mollusca";TRUE;TRUE;;;"Gibbula indet. \ Gibbula sp."
138749;"Heteranomia squamula";"Species";"Animalia";"Mollusca";TRUE;TRUE;;;"Anomia squamula \ Heteranomia squamula"
138751;"Pododesmus patelliformis";"Species";"Animalia";"Mollusca";TRUE;TRUE;;;"Monia patelliformis \ Pododesmus patelliformis"
138760;"Aporrhais pespelecani";"Species";"Animalia";"Mollusca";TRUE;TRUE;;TRUE;"Aporrhais pespelecani \ Aporrhais pespelicani"
138802;"Arctica islandica";"Species";"Animalia";"Mollusca";TRUE;TRUE;;;"Arctica islandica"
138818;"Astarte borealis";"Species";"Animalia";"Mollusca";TRUE;TRUE;;;"Astarte borealis \ Tridonta borealis"
138824;"Astarte sulcata";"Species";"Animalia";"Mollusca";TRUE;TRUE;;;"Astarte sulcata"
138878;"Buccinum undatum";"Species";"Animalia";"Mollusca";TRUE;TRUE;;;"Buccinum undatum \ Buccinum undatum (æg)"
138920;"Neptunea antiqua";"Species";"Animalia";"Mollusca";TRUE;TRUE;;;"Neptunea antiqua"
138963;"Crepidula fornicata";"Species";"Animalia";"Mollusca";TRUE;TRUE;;;"Crepidula fornicata"
138998;"Cerastoderma edule";"Species";"Animalia";"Mollusca";TRUE;TRUE;;;"Cardium edule \ Cerastoderma edule"
138999;"Cerastoderma glaucum";"Species";"Animalia";"Mollusca";TRUE;TRUE;;;"Cerastoderma glaucum"
139054;"Bittium reticulatum";"Species";"Animalia";"Mollusca";TRUE;TRUE;;;"Bittium reticulatum"
139410;"Corbula gibba";"Species";"Animalia";"Mollusca";TRUE;TRUE;;;"Corbula gibba"
139476;"Cylichna cylindracea";"Species";"Animalia";"Mollusca";TRUE;TRUE;;;"Cylichna cylindracea"
139686;"Elysia viridis";"Species";"Animalia";"Mollusca";TRUE;TRUE;;;"Elysia viridis"
140103;"Hiatella arctica";"Species";"Animalia";"Mollusca";TRUE;TRUE;;;"Hiatella arctica"
140151;"Tonicella marmorea";"Species";"Animalia";"Mollusca";TRUE;TRUE;;;"Tonicella marmorea"
140168;"Lacuna pallidula";"Species";"Animalia";"Mollusca";TRUE;TRUE;;;"Lacuna pallidula"
140169;"Lacuna parva";"Species";"Animalia";"Mollusca";TRUE;TRUE;;;"Lacuna parva \ Lacuna puteolus"
140199;"Leptochiton asellus";"Species";"Animalia";"Mollusca";TRUE;TRUE;;;"Lepidopleurus asellus \ Leptochiton asellus"
140262;"Littorina littorea";"Species";"Animalia";"Mollusca";TRUE;TRUE;;TRUE;"Littorina littorea"
140263;"Littorina obtusata";"Species";"Animalia";"Mollusca";TRUE;TRUE;;;"Littorina obtusata"
140264;"Littorina saxatilis";"Species";"Animalia";"Mollusca";TRUE;TRUE;;;"Littorina saxatilis"
140300;"Spisula elliptica";"Species";"Animalia";"Mollusca";TRUE;TRUE;;;"Spisula elliptica"
140301;"Spisula solida";"Species";"Animalia";"Mollusca";TRUE;TRUE;;;"Spisula solida"
140302;"Spisula subtruncata";"Species";"Animalia";"Mollusca";TRUE;TRUE;;;"Spisula subtruncata"
140430;"Mya arenaria";"Species";"Animalia";"Mollusca";TRUE;TRUE;;TRUE;"Mya arenaria"
140431;"Mya truncata";"Species";"Animalia";"Mollusca";TRUE;TRUE;;;"Mya truncata"
140467;"Modiolus modiolus";"Species";"Animalia";"Mollusca";TRUE;TRUE;;;"Modiolus modiolus"
140472;"Musculus discors";"Species";"Animalia";"Mollusca";TRUE;TRUE;;;"Modiolaria discors \ Musculus discors"
140480;"Mytilus edulis";"Species";"Animalia";"Mollusca";TRUE;TRUE;;TRUE;"Mytilus edulis"
140536;"Euspira pallida";"Species";"Animalia";"Mollusca";TRUE;TRUE;;;"Euspira pallida \ Lunatia pallida \ Polinices pallidus"
140640;"Onchidoris muricata";"Species";"Animalia";"Mollusca";TRUE;TRUE;;;"Onchidoris muricata \ Onchidoris muricata (æg)"
140658;"Ostrea edulis";"Species";"Animalia";"Mollusca";TRUE;TRUE;;;"Ostrea edulis"
140733;"Ensis ensis";"Species";"Animalia";"Mollusca";TRUE;TRUE;;;"Ensis ensis"
140744;"Philine aperta";"Species";"Animalia";"Mollusca";TRUE;TRUE;;TRUE;"Philine aperta"
140767;"Barnea candida";"Species";"Animalia";"Mollusca";TRUE;TRUE;;;"Barnea candida \ Pholas candida"
140838;"Polycera quadrilineata";"Species";"Animalia";"Mollusca";TRUE;TRUE;;;"Polycera quadrilineata"
141320;"Onoba semicostata";"Species";"Animalia";"Mollusca";TRUE;TRUE;;;"Cingula semicostata \ Onoba semicostata \ Onoba striata"
141334;"Pusillina inconspicua";"Species";"Animalia";"Mollusca";TRUE;TRUE;;;"Pusillina inconspicua \ Rissoa inconspisoa"
141341;"Pusillina sarsii";"Species";"Animalia";"Mollusca";TRUE;TRUE;;;"Pusillina sarsi \ Rissoa albella"
141359;"Rissoa membranacea";"Species";"Animalia";"Mollusca";TRUE;TRUE;;;"Rissoa membranacea \ Zippora membranacea"
141374;"Rissoa violacea";"Species";"Animalia";"Mollusca";TRUE;TRUE;;;"Rissoa violacea"
141424;"Scrobicularia plana";"Species";"Animalia";"Mollusca";TRUE;TRUE;;;"Scrobicularia plana"
141433;"Abra alba";"Species";"Animalia";"Mollusca";TRUE;TRUE;;;"Abra alba \ Syndosmya alba"
146142;"Bryozoa";"Phylum";"Animalia";"Bryozoa";TRUE;TRUE;;TRUE;"Bryozoa \ Bryozoa indet."
146420;"Tunicata";"Subphylum";"Animalia";"Chordata";TRUE;;;TRUE;"Tunicata \ Tunicata indet."
146538;"Lyngbya";"Genus";"Bacteria";"Cyanobacteria";;TRUE;TRUE;;"Lyngbya sp."
146541;"Spirulina";"Genus";"Bacteria";"Cyanobacteria";;TRUE;TRUE;;"Spirulina sp."
146547;"Nostocales";"Order";"Bacteria";"Cyanobacteria";;TRUE;TRUE;;"Nostocales"
146549;"Oscillatoria";"Genus";"Bacteria";"Cyanobacteria";;TRUE;TRUE;;"Oscillatoria sp."
146585;"Anabaena";"Genus";"Bacteria";"Cyanobacteria";;TRUE;TRUE;;"Anabaena sp."
146733;"Boreotrophon truncatus";"Species";"Animalia";"Mollusca";TRUE;TRUE;;;"Boreotrophon truncatus \ Trophon truncatus"
146932;"Paraonis fulgens";"Species";"Animalia";"Annelida";TRUE;TRUE;;;"Paraonis fulgens"
147032;"Nebalia bipes";"Species";"Animalia";"Arthropoda";TRUE;TRUE;;;"Nebalia bipes"
147459;"Patella pellucida";"Species";"Animalia";"Mollusca";TRUE;TRUE;;;"Ansates pellucida \ Helcion pellucidum"
148592;"Monocorophium insidiosum";"Species";"Animalia";"Arthropoda";TRUE;TRUE;;;"Corophium insidiosum"
148594;"Apocorophium lacustre";"Species";"Animalia";"Arthropoda";TRUE;TRUE;;;"Corophium lacustre"
148899;"Bacillariophyceae";"Class";"Chromista";"Ochrophyta";;TRUE;TRUE;;"Diatomophyceae"
148917;"Coscinodiscus";"Genus";"Chromista";"Ochrophyta";;;TRUE;TRUE;"Coscinodiscus sp."
149668;"Mysida";"Order";"Animalia";"Arthropoda";TRUE;TRUE;;TRUE;"Mysidacea \ Mysidacea indet."
150534;"Antalis entalis";"Species";"Animalia";"Mollusca";TRUE;TRUE;;;"Antalis entalis \ Dentalium entalis"
150868;"Orthocladiinae";"Subfamily";"Animalia";"Arthropoda";TRUE;TRUE;;;"Orthocladiinae \ Orthocladiinae indet."
150922;"Nematocera";"Suborder";"Animalia";"Arthropoda";TRUE;;;TRUE;"Nematocera \ Nematocera indet."
151628;"Peringia ulvae";"Species";"Animalia";"Mollusca";TRUE;;;TRUE;"Hydrobia ulvae"
152302;"Hediste diversicolor";"Species";"Animalia";"Annelida";TRUE;TRUE;;;"Hediste diversicolor \ Nereis diversicolor"
152304;"Malmgrenia ljungmani";"Species";"Animalia";"Annelida";TRUE;TRUE;;;"Harmothoe ljungmani \ Harmothoe ljungmanni"
152367;"Lagis koreni";"Species";"Animalia";"Annelida";TRUE;TRUE;;;"Pectinaria koreni"
152391;"Nemertea";"Phylum";"Animalia";"Nemertea";TRUE;TRUE;;;"Nemertini \ Nemertini indet."
152448;"Amphictene auricoma";"Species";"Animalia";"Annelida";TRUE;;;TRUE;"Pectinaria auricoma"
152774;"Lepidochitona cinerea";"Species";"Animalia";"Mollusca";TRUE;TRUE;;;"Lepidochiton cinereus \ Lepidochitona cinerea \ Lepidochitona cinereus"
153552;"Tectura virginea";"Species";"Animalia";"Mollusca";TRUE;TRUE;;;"Acmaea virginea \ Tectura virginea"
153558;"Theodoxus fluviatilis";"Species";"Animalia";"Mollusca";TRUE;TRUE;;;"Theodoxus fluviatilis"
155194;"Malmgrenia lunulata";"Species";"Animalia";"Annelida";TRUE;TRUE;;;"Harmothoe lunulata"
156692;"Nodularia";"Genus";"Bacteria";"Cyanobacteria";;TRUE;TRUE;;"Nodularia sp."
160566;"Nodularia spumigena";"Species";"Bacteria";"Cyanobacteria";;TRUE;TRUE;;"Nodularia spumigena"
165853;"Halichondria (Halichondria) panicea";"Species";"Animalia";"Porifera";TRUE;TRUE;;;"Halichondria panicea"
179320;"Mesodinium";"Genus";"Chromista";"Ciliophora";;TRUE;TRUE;;"Mesodinium sp."
181343;"Parvicardium pinnulatum";"Species";"Animalia";"Mollusca";TRUE;TRUE;;;"Cardium ovale \ Parvicardium ovale"
181364;"Venerupis corrugata";"Species";"Animalia";"Mollusca";TRUE;TRUE;;;"Venerupis pullastra \ Venerupis senegalensis"
183533;"Tintinnidae";"Family";"Chromista";"Ciliophora";;;TRUE;TRUE;"Tintinnidae"
233037;"Karlodinium veneficum";"Species";"Chromista";"Myzozoa";;TRUE;TRUE;;"Gymnodinium galatheanum \ Gyrodinium galatheanum"
234208;"Testudinalia testudinalis";"Species";"Animalia";"Mollusca";TRUE;TRUE;;;"Acmaea testudinalis \ Tectura testudinalis"
234850;"Alitta succinea";"Species";"Animalia";"Annelida";TRUE;TRUE;;TRUE;"Neanthes succinea"
234851;"Alitta virens";"Species";"Animalia";"Annelida";TRUE;TRUE;;;"Neanthes virens"
237004;"Crassicorophium bonellii";"Species";"Animalia";"Arthropoda";TRUE;TRUE;;;"Corophium bonelli"
246140;"Tritia";"Genus";"Animalia";"Mollusca";TRUE;TRUE;;TRUE;"Cyclopod eggs \ Hinia sp."
247773;"Stenosemus albus";"Species";"Animalia";"Mollusca";TRUE;TRUE;;;"Ischnochiton albus"
254745;"Laonome kroyeri";"Species";"Animalia";"Annelida";TRUE;TRUE;;;"Laonome krÃ¶yeri \ Laonome kroeyeri"
264171;"Jaera (Jaera) albifrons";"Species";"Animalia";"Arthropoda";TRUE;TRUE;;;"Jaera albifrons"
264177;"Jaera (Jaera) ischiosetosa";"Species";"Animalia";"Arthropoda";TRUE;TRUE;;;"Jaera ischiosetosa"
264184;"Jaera (Jaera) praehirsuta";"Species";"Animalia";"Arthropoda";TRUE;TRUE;;;"Jaera praehirsuta"
283798;"Cerianthus lloydii";"Species";"Animalia";"Cnidaria";TRUE;TRUE;;;"Cerianthus lloydi \ Cerianthus lloydii"
334506;"Phyllodoce groenlandica";"Species";"Animalia";"Annelida";TRUE;TRUE;;TRUE;"Phyllodoce groenlandica"
334510;"Phyllodoce maculata";"Species";"Animalia";"Annelida";TRUE;TRUE;;;"Anaitides maculata \ Phyllodoce maculata"
334512;"Phyllodoce mucosa";"Species";"Animalia";"Annelida";TRUE;TRUE;;;"Phyllodoce mucosa"
334741;"Scolelepis (Scolelepis) foliosa";"Species";"Animalia";"Annelida";TRUE;;;TRUE;"Scolelepis foliosa"
334842;"Spirorbis (Spirorbis) spirorbis";"Species";"Animalia";"Annelida";TRUE;TRUE;;;"Spirorbis borealis \ Spirorbis spirorbis"
341301;"Didinium";"Genus";"Chromista";"Ciliophora";;;TRUE;TRUE;"Didinium spp."
386411;"Boreochiton ruber";"Species";"Animalia";"Mollusca";TRUE;TRUE;;;"Tonicella rubra"
397383;"Crassicorophium crassicorne";"Species";"Animalia";"Arthropoda";TRUE;TRUE;;;"Corophium crassicorne"
421139;"Amphibalanus improvisus";"Species";"Animalia";"Arthropoda";TRUE;TRUE;;TRUE;"Balanus improvisus"
467577;"Einhornia crustulenta";"Species";"Animalia";"Bryozoa";TRUE;TRUE;;TRUE;"Electra crustulenta"
480247;"Beggiatoa";"Genus";"Bacteria";"Proteobacteria";;TRUE;TRUE;;"Beggiatoa sp. \ Beggiatoa spp."
488966;"Nototropis swammerdamei";"Species";"Animalia";"Arthropoda";TRUE;TRUE;;;"Atylus swammerdami"
506128;"Musculus subpictus";"Species";"Animalia";"Mollusca";TRUE;TRUE;;;"Modiolarca tumida \ Musculus marmoratus \ Musculus subpictus \ Musculus tumida"
510499;"Irregularia";"Infraclass";"Animalia";"Echinodermata";TRUE;TRUE;;;"Irregularia \ Irregularia indet."
555935;"Spirobranchus triqueter";"Species";"Animalia";"Annelida";TRUE;TRUE;;;"Pomatoceros triqueter"
571832;"Harmothoe glabra";"Species";"Animalia";"Annelida";TRUE;TRUE;;;"Harmothoe glabra"
660753;"Spirulina subsalsa";"Species";"Bacteria";"Cyanobacteria";;TRUE;TRUE;;"Spirulina subsalsa"
738272;"Hydrachnidia";"Suborder";"Animalia";"Arthropoda";TRUE;;;TRUE;"Hydracarina \ Hydracarina indet."
798770;"Tanaididae";"Family";"Animalia";"Arthropoda";TRUE;TRUE;;;"Tanaidae \ TANAIDAE"
876640;"Ensis leei";"Species";"Animalia";"Mollusca";TRUE;TRUE;;;"Ensis americanus"
876821;"Tritia reticulata";"Species";"Animalia";"Mollusca";TRUE;TRUE;;TRUE;"Hinia reticulata \ Nassa reticulata"
878470;"Macomangulus tenuis";"Species";"Animalia";"Mollusca";TRUE;TRUE;;;"Angulus tenuis \ Tellina tenuis"
880017;"Limecola balthica";"Species";"Animalia";"Mollusca";TRUE;TRUE;;;"Macoma balthica"
1039839;"Steromphala cineraria";"Species";"Animalia";"Mollusca";TRUE;TRUE;;;"Gibbula cineraria"
1381415;"Turritellinella tricarinata";"Species";"Animalia";"Mollusca";TRUE;TRUE;;;"Turritella communis"
