"ScientificName";"AphiaID";"Synonym";"SynonymID";"Kingdom";"Phylum";"Class";"Order";"Family";"Genus";"ODAtable";"locality";"locationID";"higherGeography";"higherGeographyID";"recordStatus";"typeStatus";"establishmentMeans";"decimalLatitude";"decimalLongitude";"qualityStatus"
"Hydrobiidae";120;"Hydrobiidae";120;"Animalia";"Mollusca";"Gastropoda";"Littorinimorpha";"Hydrobiidae";"";"Bottom Fauna";"";"";"";"";"";;;;;""
"Rissoidae";123;"Rissoidae";123;"Animalia";"Mollusca";"Gastropoda";"Littorinimorpha";"Rissoidae";"";"Bottom Fauna";"";"";"";"";"";;;;;""
"Triphoridae";131;"Triphoridae";131;"Animalia";"Mollusca";"Gastropoda";"[unassigned] Caenogastropoda";"Triphoridae";"";"Bottom Fauna";"";"";"";"";"";;;;;""
"Naticidae";145;"Naticidae";145;"Animalia";"Mollusca";"Gastropoda";"Littorinimorpha";"Naticidae";"";"Bottom Fauna";"";"";"";"";"";;;;;""
"Mytilidae";211;"Mytilidae";211;"Animalia";"Mollusca";"Bivalvia";"Mytilida";"Mytilidae";"";"Bottom Fauna";"";"";"";"";"";;;;;""
"Anomiidae";214;"Anomiidae";214;"Animalia";"Mollusca";"Bivalvia";"Pectinida";"Anomiidae";"";"Bottom Fauna";"";"";"";"";"";;;;;""
"Cardiidae";229;"Cardiidae";229;"Animalia";"Mollusca";"Bivalvia";"Cardiida";"Cardiidae";"";"Bottom Fauna";"";"";"";"";"";;;;;""
"Tellinidae";235;"Tellinidae";235;"Animalia";"Mollusca";"Bivalvia";"Cardiida";"Tellinidae";"";"Bottom Fauna";"";"";"";"";"";;;;;""
"Porifera";558;"Porifera";558;"Animalia";"Porifera";"";"";"";"";"Bottom Fauna";"";"";"";"";"";;;;;""
"Orbiniidae";902;"Orbiniidae";902;"Animalia";"Annelida";"Polychaeta";"";"Orbiniidae";"";"Bottom Fauna";"";"";"";"";"";;;;;""
"Paraonidae";903;"Paraonidae";903;"Animalia";"Annelida";"Polychaeta";"";"Paraonidae";"";"Bottom Fauna";"";"";"";"";"";;;;;""
"Apistobranchidae";912;"Apistobranchidae";912;"Animalia";"Annelida";"Polychaeta";"Spionida";"Apistobranchidae";"";"Bottom Fauna";"";"";"";"";"";;;;;""
"Trochochaetidae";915;"Trochochaetidae";915;"Animalia";"Annelida";"Polychaeta";"Spionida";"Trochochaetidae";"";"Bottom Fauna";"";"";"";"";"";;;;;""
"Cirratulidae";919;"Cirratulidae";919;"Animalia";"Annelida";"Polychaeta";"Terebellida";"Cirratulidae";"";"Bottom Fauna";"";"";"";"";"";;;;;""
"Capitellidae";921;"Capitellidae";921;"Animalia";"Annelida";"Polychaeta";"";"Capitellidae";"";"Bottom Fauna";"";"";"";"";"";;;;;""
"Maldanidae";923;"Maldanidae";923;"Animalia";"Annelida";"Polychaeta";"";"Maldanidae";"";"Bottom Fauna";"";"";"";"";"";;;;;""
"Scalibregmatidae";925;"Scalibregmatidae";925;"Animalia";"Annelida";"Polychaeta";"";"Scalibregmatidae";"";"Bottom Fauna";"European waters (ERMS scope)";"http://marineregions.org/mrgid/7130";"North Atlantic Ocean";"http://marineregions.org/mrgid/1912";"valid";;;;;"checked"
"Phyllodocidae";931;"Phyllodocidae";931;"Animalia";"Annelida";"Polychaeta";"Phyllodocida";"Phyllodocidae";"";"Bottom Fauna";"";"";"";"";"";;;;;""
"Polynoidae";939;"Polynoidae";939;"Animalia";"Annelida";"Polychaeta";"Phyllodocida";"Polynoidae";"";"Bottom Fauna";"";"";"";"";"";;;;;""
"Hesionidae";946;"Hesionidae";946;"Animalia";"Annelida";"Polychaeta";"Phyllodocida";"Hesionidae";"";"Bottom Fauna";"";"";"";"";"";;;;;""
"Syllidae";948;"Syllidae";948;"Animalia";"Annelida";"Polychaeta";"Phyllodocida";"Syllidae";"";"Bottom Fauna";"";"";"";"";"";;;;;""
"Lumbrineridae";967;"Lumbrineridae";967;"Animalia";"Annelida";"Polychaeta";"Eunicida";"Lumbrineridae";"";"Bottom Fauna";"";"";"";"";"";;;;;""
"Ampharetidae";981;"Ampharetidae";981;"Animalia";"Annelida";"Polychaeta";"Terebellida";"Ampharetidae";"";"Bottom Fauna";"";"";"";"";"";;;;;""
"Sabellidae";985;"Sabellidae";985;"Animalia";"Annelida";"Polychaeta";"Sabellida";"Sabellidae";"";"Bottom Fauna";"Banc d'Arguin";"http://marineregions.org/mrgid/5071";"North Atlantic Ocean";"http://marineregions.org/mrgid/1912";"valid";;;;;"unreviewed"
"Serpulidae";988;"Serpulidae";988;"Animalia";"Annelida";"Polychaeta";"Sabellida";"Serpulidae";"";"Bottom Fauna";"";"";"";"";"";;;;;""
"Crustacea";1066;"Crustacea";1066;"Animalia";"Arthropoda";"";"";"";"";"Bottom Fauna";"";"";"";"";"";;;;;""
"Harpacticoida";1102;"Harpacticoida";1102;"Animalia";"Arthropoda";"Hexanauplia";"Harpacticoida";"";"";"Bottom Fauna";"";"";"";"";"";;;;;""
"Isopoda";1131;"Isopoda";1131;"Animalia";"Arthropoda";"Malacostraca";"Isopoda";"";"";"Bottom Fauna";"";"";"";"";"";;;;;""
"Amphipoda";1135;"Amphipoda";1135;"Animalia";"Arthropoda";"Malacostraca";"Amphipoda";"";"";"Bottom Fauna";"";"";"";"";"";;;;;""
"Halacaridae";1484;"Halacaridae";1484;"Animalia";"Arthropoda";"Arachnida";"Trombidiformes";"Halacaridae";"";"Bottom Fauna";"";"";"";"";"";;;;;""
"Corynidae";1599;"Corynidae";1599;"Animalia";"Cnidaria";"Hydrozoa";"Anthoathecata";"Corynidae";"";"Bottom Fauna";"";"";"";"";"";;;;;""
"Campanulariidae";1606;"Campanulariidae";1606;"Animalia";"Cnidaria";"Hydrozoa";"Leptothecata";"Campanulariidae";"";"Bottom Fauna";"";"";"";"";"";;;;;""
"Sertulariidae";1614;"Sertulariidae";1614;"Animalia";"Cnidaria";"Hydrozoa";"Leptothecata";"Sertulariidae";"";"Bottom Fauna";"";"";"";"";"";;;;;""
"Nudibranchia";1762;"Nudibranchia";1762;"Animalia";"Mollusca";"Gastropoda";"Nudibranchia";"";"";"Bottom Fauna";"";"";"";"";"";;;;;""
"Semelidae";1781;"Semelidae";1781;"Animalia";"Mollusca";"Bivalvia";"Cardiida";"Semelidae";"";"Bottom Fauna";"";"";"";"";"";;;;;""
"Enchytraeidae";2038;"Enchytraeidae";2038;"Animalia";"Annelida";"Clitellata";"Enchytraeida";"Enchytraeidae";"";"Bottom Fauna";"";"";"";"";"";;;;;""
"Pisces";11676;"Pisces";11676;"Animalia";"Chordata";"";"";"";"";"Bottom Fauna";"Europe";"http://marineregions.org/mrgid/1920";"";"";"valid";;;;;"unreviewed"
"Trematoda";19948;"Trematoda";19948;"Animalia";"Platyhelminthes";"Trematoda";"";"";"";"Bottom Fauna";"";"";"";"";"";;;;;""
"Nereididae";22496;"Nereidae";950;"Animalia";"Annelida";"Polychaeta";"Phyllodocida";"Nereididae";"";"Bottom Fauna";"Europe";"http://marineregions.org/mrgid/1920";"";"";"valid";;;;;"unreviewed"
"Edwardsiidae";100665;"Edwardsiidae";100665;"Animalia";"Cnidaria";"Anthozoa";"Actiniaria";"Edwardsiidae";"";"Bottom Fauna";"Banc d'Arguin";"http://marineregions.org/mrgid/5071";"North Atlantic Ocean";"http://marineregions.org/mrgid/1912";"valid";;;;;"unreviewed"
"Urticina";100706;"Urticina";100706;"Animalia";"Cnidaria";"Anthozoa";"Actiniaria";"Actiniidae";"Urticina";"Bottom Fauna";"";"";"";"";"";;;;;""
"Halcampa";100740;"Halcampa";100740;"Animalia";"Cnidaria";"Anthozoa";"Actiniaria";"Halcampidae";"Halcampa";"Bottom Fauna";"Banc d'Arguin";"http://marineregions.org/mrgid/5071";"North Atlantic Ocean";"http://marineregions.org/mrgid/1912";"valid";;;;;"unreviewed"
"Sagartia";100776;"Sagartia";100776;"Animalia";"Cnidaria";"Anthozoa";"Actiniaria";"Sagartiidae";"Sagartia";"Bottom Fauna";"Belgian Exclusive Economic Zone";"http://marineregions.org/mrgid/3293";"North Sea";"http://marineregions.org/mrgid/2350";"valid";;;;;"unreviewed"
"Sagartiogeton";100777;"Sagartiogeton";100777;"Animalia";"Cnidaria";"Anthozoa";"Actiniaria";"Sagartiidae";"Sagartiogeton";"Bottom Fauna";"";"";"";"";"";;;;;""
"Cerianthus";100782;"Cerianthus";100782;"Animalia";"Cnidaria";"Anthozoa";"Spirularia";"Cerianthidae";"Cerianthus";"Bottom Fauna";"Canadian Exclusive Economic Zone [Arctic part]";"http://marineregions.org/mrgid/8776";"Canada";"http://marineregions.org/mrgid/2169";"valid";;;;;"unreviewed"
"Urticina felina";100834;"Urticina felina";100834;"Animalia";"Cnidaria";"Anthozoa";"Actiniaria";"Actiniidae";"Urticina";"Bottom Fauna";"Arctic Ocean";"http://marineregions.org/mrgid/1906";"Arctic Ocean";"http://marineregions.org/mrgid/1906";"valid";;;;;"unreviewed"
"Urticina felina";100834;"Urticina felina";100834;"Animalia";"Cnidaria";"Anthozoa";"Actiniaria";"Actiniidae";"Urticina";"Bottom Fauna";"European waters (ERMS scope)";"http://marineregions.org/mrgid/7130";"North Atlantic Ocean";"http://marineregions.org/mrgid/1912";"valid";;;;;"unreviewed"
"Urticina felina";100834;"Urticina felina";100834;"Animalia";"Cnidaria";"Anthozoa";"Actiniaria";"Actiniidae";"Urticina";"Bottom Fauna";"North West Atlantic";"http://marineregions.org/mrgid/7135";"North Atlantic Ocean";"http://marineregions.org/mrgid/1912";"valid";;;;;"unreviewed"
"Urticina felina";100834;"Urticina felina";100834;"Animalia";"Cnidaria";"Anthozoa";"Actiniaria";"Actiniidae";"Urticina";"Bottom Fauna";"North Sea";"http://marineregions.org/mrgid/2350";"North Sea";"http://marineregions.org/mrgid/2350";"valid";;;;;"unreviewed"
"Urticina felina";100834;"Urticina felina";100834;"Animalia";"Cnidaria";"Anthozoa";"Actiniaria";"Actiniidae";"Urticina";"Bottom Fauna";"North East Atlantic";"http://marineregions.org/mrgid/5664";"North Atlantic Ocean";"http://marineregions.org/mrgid/1912";"valid";;;;;"unreviewed"
"Urticina felina";100834;"Urticina felina";100834;"Animalia";"Cnidaria";"Anthozoa";"Actiniaria";"Actiniidae";"Urticina";"Bottom Fauna";"Westerschelde";"http://marineregions.org/mrgid/4752";"North Sea";"http://marineregions.org/mrgid/2350";"valid";;;;;"unreviewed"
"Urticina felina";100834;"Urticina felina";100834;"Animalia";"Cnidaria";"Anthozoa";"Actiniaria";"Actiniidae";"Urticina";"Bottom Fauna";"Birkenfels (shipwreck)";"http://marineregions.org/mrgid/17401";"North Sea";"http://marineregions.org/mrgid/2350";"valid";;;;;"unreviewed"
"Urticina felina";100834;"Urticina felina";100834;"Animalia";"Cnidaria";"Anthozoa";"Actiniaria";"Actiniidae";"Urticina";"Bottom Fauna";"Oostende";"http://marineregions.org/mrgid/25";"Belgium";"http://marineregions.org/mrgid/14";"valid";;;;;"unreviewed"
"Urticina felina";100834;"Urticina felina";100834;"Animalia";"Cnidaria";"Anthozoa";"Actiniaria";"Actiniidae";"Urticina";"Bottom Fauna";"Oosterschelde";"http://marineregions.org/mrgid/5332";"North Sea";"http://marineregions.org/mrgid/2350";"valid";;;;;"unreviewed"
"Urticina felina";100834;"Urticina felina";100834;"Animalia";"Cnidaria";"Anthozoa";"Actiniaria";"Actiniidae";"Urticina";"Bottom Fauna";"Wadden Sea";"http://marineregions.org/mrgid/2354";"Wadden Sea";"http://marineregions.org/mrgid/2354";"valid";;;;;"unreviewed"
"Urticina felina";100834;"Urticina felina";100834;"Animalia";"Cnidaria";"Anthozoa";"Actiniaria";"Actiniidae";"Urticina";"Bottom Fauna";"Wimereux";"http://marineregions.org/mrgid/979";"France";"http://marineregions.org/mrgid/17";"valid";;;;;"unreviewed"
"Urticina felina";100834;"Urticina felina";100834;"Animalia";"Cnidaria";"Anthozoa";"Actiniaria";"Actiniidae";"Urticina";"Bottom Fauna";"Gulf of Maine";"http://marineregions.org/mrgid/8940";"North Atlantic Ocean";"http://marineregions.org/mrgid/1912";"valid";;;;;"unreviewed"
"Urticina felina";100834;"Urticina felina";100834;"Animalia";"Cnidaria";"Anthozoa";"Actiniaria";"Actiniidae";"Urticina";"Bottom Fauna";"Belgian Exclusive Economic Zone";"http://marineregions.org/mrgid/3293";"North Sea";"http://marineregions.org/mrgid/2350";"valid";;;;;"unreviewed"
"Urticina felina";100834;"Urticina felina";100834;"Animalia";"Cnidaria";"Anthozoa";"Actiniaria";"Actiniidae";"Urticina";"Bottom Fauna";"Portuguese Exclusive Economic Zone";"http://marineregions.org/mrgid/5688";"North Atlantic Ocean";"http://marineregions.org/mrgid/1912";"valid";;;;;"unreviewed"
"Urticina felina";100834;"Urticina felina";100834;"Animalia";"Cnidaria";"Anthozoa";"Actiniaria";"Actiniidae";"Urticina";"Bottom Fauna";"Spanish Exclusive Economic Zone";"http://marineregions.org/mrgid/5693";"Spain";"http://marineregions.org/mrgid/2185";"valid";;;;;"unreviewed"
"Urticina felina";100834;"Urticina felina";100834;"Animalia";"Cnidaria";"Anthozoa";"Actiniaria";"Actiniidae";"Urticina";"Bottom Fauna";"Irish Exclusive economic Zone";"http://marineregions.org/mrgid/5681";"Ireland";"http://marineregions.org/mrgid/2114";"valid";;;;;"unreviewed"
"Urticina felina";100834;"Urticina felina";100834;"Animalia";"Cnidaria";"Anthozoa";"Actiniaria";"Actiniidae";"Urticina";"Bottom Fauna";"Manicouagan";"http://marineregions.org/mrgid/23550";"Gulf of Saint Lawrence";"http://marineregions.org/mrgid/4290";"valid";;;;;"unreviewed"
"Urticina felina";100834;"Urticina felina";100834;"Animalia";"Cnidaria";"Anthozoa";"Actiniaria";"Actiniidae";"Urticina";"Bottom Fauna";"St. Lawrence Estuary";"http://marineregions.org/mrgid/23554";"Gulf of Saint Lawrence";"http://marineregions.org/mrgid/4290";"valid";;;;;"unreviewed"
"Urticina felina";100834;"Urticina felina";100834;"Animalia";"Cnidaria";"Anthozoa";"Actiniaria";"Actiniidae";"Urticina";"Bottom Fauna";"St. Lawrence Estuary";"http://marineregions.org/mrgid/23554";"Gulf of Saint Lawrence";"http://marineregions.org/mrgid/4290";"valid";;;;;"unreviewed"
"Urticina felina";100834;"Urticina felina";100834;"Animalia";"Cnidaria";"Anthozoa";"Actiniaria";"Actiniidae";"Urticina";"Bottom Fauna";"Canadian Exclusive Economic Zone [Arctic part]";"http://marineregions.org/mrgid/8776";"Canada";"http://marineregions.org/mrgid/2169";"valid";;;;;"unreviewed"
"Urticina felina";100834;"Urticina felina";100834;"Animalia";"Cnidaria";"Anthozoa";"Actiniaria";"Actiniidae";"Urticina";"Bottom Fauna";"Canadian Exclusive Economic Zone [Atlantic part]";"http://marineregions.org/mrgid/8777";"North Atlantic Ocean";"http://marineregions.org/mrgid/1912";"valid";;;;;"unreviewed"
"Urticina felina";100834;"Urticina felina";100834;"Animalia";"Cnidaria";"Anthozoa";"Actiniaria";"Actiniidae";"Urticina";"Bottom Fauna";"Swedish Exclusive Economic Zone";"http://marineregions.org/mrgid/5694";"Sweden";"http://marineregions.org/mrgid/2180";"valid";;;;;"unreviewed"
"Urticina felina";100834;"Tealia felina";100798;"Animalia";"Cnidaria";"Anthozoa";"Actiniaria";"Actiniidae";"Urticina";"Bottom Fauna";"Belgian Exclusive Economic Zone";"http://marineregions.org/mrgid/3293";"North Sea";"http://marineregions.org/mrgid/2350";"valid";;;;;"unreviewed"
"Urticina felina";100834;"Tealia felina";100798;"Animalia";"Cnidaria";"Anthozoa";"Actiniaria";"Actiniidae";"Urticina";"Bottom Fauna";"Southern Bight";"http://marineregions.org/mrgid/2399";"North Sea";"http://marineregions.org/mrgid/2350";"valid";;;;;"unreviewed"
"Urticina felina";100834;"Tealia felina";100798;"Animalia";"Cnidaria";"Anthozoa";"Actiniaria";"Actiniidae";"Urticina";"Bottom Fauna";"Belgian Exclusive Economic Zone";"http://marineregions.org/mrgid/3293";"North Sea";"http://marineregions.org/mrgid/2350";"valid";;;;;"unreviewed"
"Urticina felina";100834;"Tealia felina";100798;"Animalia";"Cnidaria";"Anthozoa";"Actiniaria";"Actiniidae";"Urticina";"Bottom Fauna";"Canadian Exclusive Economic Zone [Arctic part]";"http://marineregions.org/mrgid/8776";"Canada";"http://marineregions.org/mrgid/2169";"valid";;;;;"unreviewed"
"Stomphia coccinea";100854;"Stomphia coccinea";100854;"Animalia";"Cnidaria";"Anthozoa";"Actiniaria";"Actinostolidae";"Stomphia";"Bottom Fauna";"European waters (ERMS scope)";"http://marineregions.org/mrgid/7130";"North Atlantic Ocean";"http://marineregions.org/mrgid/1912";"valid";;;;;"unreviewed"
"Stomphia coccinea";100854;"Stomphia coccinea";100854;"Animalia";"Cnidaria";"Anthozoa";"Actiniaria";"Actinostolidae";"Stomphia";"Bottom Fauna";"Arctic Ocean";"http://marineregions.org/mrgid/1906";"Arctic Ocean";"http://marineregions.org/mrgid/1906";"valid";;;;;"unreviewed"
"Stomphia coccinea";100854;"Stomphia coccinea";100854;"Animalia";"Cnidaria";"Anthozoa";"Actiniaria";"Actinostolidae";"Stomphia";"Bottom Fauna";"North West Atlantic";"http://marineregions.org/mrgid/7135";"North Atlantic Ocean";"http://marineregions.org/mrgid/1912";"valid";;;;;"unreviewed"
"Stomphia coccinea";100854;"Stomphia coccinea";100854;"Animalia";"Cnidaria";"Anthozoa";"Actiniaria";"Actinostolidae";"Stomphia";"Bottom Fauna";"North East Atlantic";"http://marineregions.org/mrgid/5664";"North Atlantic Ocean";"http://marineregions.org/mrgid/1912";"valid";;;;;"unreviewed"
"Stomphia coccinea";100854;"Stomphia coccinea";100854;"Animalia";"Cnidaria";"Anthozoa";"Actiniaria";"Actinostolidae";"Stomphia";"Bottom Fauna";"East North Atlantic";"http://marineregions.org/mrgid/18039";"North Atlantic Ocean";"http://marineregions.org/mrgid/1912";"valid";;;;;"unreviewed"
"Stomphia coccinea";100854;"Stomphia coccinea";100854;"Animalia";"Cnidaria";"Anthozoa";"Actiniaria";"Actinostolidae";"Stomphia";"Bottom Fauna";"Arctic Ocean";"http://marineregions.org/mrgid/1906";"Arctic Ocean";"http://marineregions.org/mrgid/1906";"valid";;;;;"unreviewed"
"Stomphia coccinea";100854;"Stomphia coccinea";100854;"Animalia";"Cnidaria";"Anthozoa";"Actiniaria";"Actinostolidae";"Stomphia";"Bottom Fauna";"Frost Cove";"http://marineregions.org/mrgid/21378";"United States";"http://marineregions.org/mrgid/2204";"valid";;;;;"unreviewed"
"Stomphia coccinea";100854;"Stomphia coccinea";100854;"Animalia";"Cnidaria";"Anthozoa";"Actiniaria";"Actinostolidae";"Stomphia";"Bottom Fauna";"Gulf of Maine";"http://marineregions.org/mrgid/8940";"North Atlantic Ocean";"http://marineregions.org/mrgid/1912";"valid";;;;;"unreviewed"
"Stomphia coccinea";100854;"Stomphia coccinea";100854;"Animalia";"Cnidaria";"Anthozoa";"Actiniaria";"Actinostolidae";"Stomphia";"Bottom Fauna";"Belgian Exclusive Economic Zone";"http://marineregions.org/mrgid/3293";"North Sea";"http://marineregions.org/mrgid/2350";"valid";;;;;"trusted"
"Stomphia coccinea";100854;"Stomphia coccinea";100854;"Animalia";"Cnidaria";"Anthozoa";"Actiniaria";"Actinostolidae";"Stomphia";"Bottom Fauna";"Canadian Exclusive Economic Zone [Arctic part]";"http://marineregions.org/mrgid/8776";"Canada";"http://marineregions.org/mrgid/2169";"valid";;;;;"unreviewed"
"Stomphia coccinea";100854;"Stomphia coccinea";100854;"Animalia";"Cnidaria";"Anthozoa";"Actiniaria";"Actinostolidae";"Stomphia";"Bottom Fauna";"Manicouagan";"http://marineregions.org/mrgid/23550";"Gulf of Saint Lawrence";"http://marineregions.org/mrgid/4290";"valid";;;;;"unreviewed"
"Stomphia coccinea";100854;"Stomphia coccinea";100854;"Animalia";"Cnidaria";"Anthozoa";"Actiniaria";"Actinostolidae";"Stomphia";"Bottom Fauna";"St. Lawrence Estuary";"http://marineregions.org/mrgid/23554";"Gulf of Saint Lawrence";"http://marineregions.org/mrgid/4290";"valid";;;;;"unreviewed"
"Stomphia coccinea";100854;"Stomphia coccinea";100854;"Animalia";"Cnidaria";"Anthozoa";"Actiniaria";"Actinostolidae";"Stomphia";"Bottom Fauna";"St. Lawrence Estuary";"http://marineregions.org/mrgid/23554";"Gulf of Saint Lawrence";"http://marineregions.org/mrgid/4290";"valid";;;;;"unreviewed"
"Stomphia coccinea";100854;"Stomphia coccinea";100854;"Animalia";"Cnidaria";"Anthozoa";"Actiniaria";"Actinostolidae";"Stomphia";"Bottom Fauna";"Saguenay Fjord";"http://marineregions.org/mrgid/24667";"Canada";"http://marineregions.org/mrgid/2169";"valid";;;;;"unreviewed"
"Stomphia coccinea";100854;"Stomphia coccinea";100854;"Animalia";"Cnidaria";"Anthozoa";"Actiniaria";"Actinostolidae";"Stomphia";"Bottom Fauna";"Gulf of St. Lawrence";"http://marineregions.org/mrgid/4290";"Gulf of Saint Lawrence";"http://marineregions.org/mrgid/4290";"valid";;;;;"unreviewed"
"Stomphia coccinea";100854;"Stomphia coccinea";100854;"Animalia";"Cnidaria";"Anthozoa";"Actiniaria";"Actinostolidae";"Stomphia";"Bottom Fauna";"Canadian Exclusive Economic Zone [Arctic part]";"http://marineregions.org/mrgid/8776";"Canada";"http://marineregions.org/mrgid/2169";"valid";;;;;"unreviewed"
"Stomphia coccinea";100854;"Stomphia coccinea";100854;"Animalia";"Cnidaria";"Anthozoa";"Actiniaria";"Actinostolidae";"Stomphia";"Bottom Fauna";"Swedish Exclusive Economic Zone";"http://marineregions.org/mrgid/5694";"Sweden";"http://marineregions.org/mrgid/2180";"valid";;;;;"unreviewed"
"Stomphia coccinea";100854;"Actinia carneola";283277;"Animalia";"Cnidaria";"Anthozoa";"Actiniaria";"Actinostolidae";"Stomphia";"Bottom Fauna";"West North Atlantic";"http://marineregions.org/mrgid/18041";"North Atlantic Ocean";"http://marineregions.org/mrgid/1912";"valid";;;;;"unreviewed"
"Stomphia coccinea";100854;"Actinia coccinea";151552;"Animalia";"Cnidaria";"Anthozoa";"Actiniaria";"Actinostolidae";"Stomphia";"Bottom Fauna";"Belgian Exclusive Economic Zone";"http://marineregions.org/mrgid/3293";"North Sea";"http://marineregions.org/mrgid/2350";"valid";;;;;"unreviewed"
"Stomphia coccinea";100854;"Actinia nitida";158205;"Animalia";"Cnidaria";"Anthozoa";"Actiniaria";"Actinostolidae";"Stomphia";"Bottom Fauna";"North West Atlantic";"http://marineregions.org/mrgid/7135";"North Atlantic Ocean";"http://marineregions.org/mrgid/1912";"valid";;;;;"unreviewed"
"Stomphia coccinea";100854;"Stomphia carneola";158259;"Animalia";"Cnidaria";"Anthozoa";"Actiniaria";"Actinostolidae";"Stomphia";"Bottom Fauna";"North West Atlantic";"http://marineregions.org/mrgid/7135";"North Atlantic Ocean";"http://marineregions.org/mrgid/1912";"valid";;;;;"unreviewed"
"Stomphia coccinea";100854;"Stomphia carneola";158259;"Animalia";"Cnidaria";"Anthozoa";"Actiniaria";"Actinostolidae";"Stomphia";"Bottom Fauna";"Gulf of Maine";"http://marineregions.org/mrgid/8940";"North Atlantic Ocean";"http://marineregions.org/mrgid/1912";"valid";;;;;"unreviewed"
"Stomphia coccinea";100854;"Stomphia carneola";158259;"Animalia";"Cnidaria";"Anthozoa";"Actiniaria";"Actinostolidae";"Stomphia";"Bottom Fauna";"Gulf of St. Lawrence";"http://marineregions.org/mrgid/4290";"Gulf of Saint Lawrence";"http://marineregions.org/mrgid/4290";"valid";;;;;"unreviewed"
"Edwardsia danica";100882;"Edwardsia danica";100882;"Animalia";"Cnidaria";"Anthozoa";"Actiniaria";"Edwardsiidae";"Edwardsia";"Bottom Fauna";"European waters (ERMS scope)";"http://marineregions.org/mrgid/7130";"North Atlantic Ocean";"http://marineregions.org/mrgid/1912";"valid";;;;;"unreviewed"
"Edwardsia danica";100882;"Edwardsia danica";100882;"Animalia";"Cnidaria";"Anthozoa";"Actiniaria";"Edwardsiidae";"Edwardsia";"Bottom Fauna";"Baltic sea";"http://marineregions.org/mrgid/2401";"Baltic Sea";"http://marineregions.org/mrgid/2401";"valid";;;;;"unreviewed"
"Edwardsia danica";100882;"Edwardsia danica";100882;"Animalia";"Cnidaria";"Anthozoa";"Actiniaria";"Edwardsiidae";"Edwardsia";"Bottom Fauna";"North East Atlantic";"http://marineregions.org/mrgid/5664";"North Atlantic Ocean";"http://marineregions.org/mrgid/1912";"valid";;;;;"unreviewed"
"Edwardsia danica";100882;"Edwardsia danica";100882;"Animalia";"Cnidaria";"Anthozoa";"Actiniaria";"Edwardsiidae";"Edwardsia";"Bottom Fauna";"Baltic sea";"http://marineregions.org/mrgid/2401";"Baltic Sea";"http://marineregions.org/mrgid/2401";"valid";;;;;"unreviewed"
"Edwardsia danica";100882;"Edwardsia danica";100882;"Animalia";"Cnidaria";"Anthozoa";"Actiniaria";"Edwardsiidae";"Edwardsia";"Bottom Fauna";"Swedish Exclusive Economic Zone";"http://marineregions.org/mrgid/5694";"Sweden";"http://marineregions.org/mrgid/2180";"valid";;;;;"unreviewed"
"Edwardsia longicornis";100889;"Edwardsia longicornis";100889;"Animalia";"Cnidaria";"Anthozoa";"Actiniaria";"Edwardsiidae";"Edwardsia";"Bottom Fauna";"European waters (ERMS scope)";"http://marineregions.org/mrgid/7130";"North Atlantic Ocean";"http://marineregions.org/mrgid/1912";"valid";;;;;"unreviewed"
"Edwardsia longicornis";100889;"Edwardsia longicornis";100889;"Animalia";"Cnidaria";"Anthozoa";"Actiniaria";"Edwardsiidae";"Edwardsia";"Bottom Fauna";"North East Atlantic";"http://marineregions.org/mrgid/5664";"North Atlantic Ocean";"http://marineregions.org/mrgid/1912";"valid";;;;;"unreviewed"
"Edwardsia longicornis";100889;"Edwardsia longicornis";100889;"Animalia";"Cnidaria";"Anthozoa";"Actiniaria";"Edwardsiidae";"Edwardsia";"Bottom Fauna";"Swedish Exclusive Economic Zone";"http://marineregions.org/mrgid/5694";"Sweden";"http://marineregions.org/mrgid/2180";"valid";;;;;"unreviewed"
"Edwardsia tuberculata";100894;"Edwardsia tuberculata";100894;"Animalia";"Cnidaria";"Anthozoa";"Actiniaria";"Edwardsiidae";"Edwardsia";"Bottom Fauna";"European waters (ERMS scope)";"http://marineregions.org/mrgid/7130";"North Atlantic Ocean";"http://marineregions.org/mrgid/1912";"valid";;;;;"unreviewed"
"Edwardsia tuberculata";100894;"Edwardsia tuberculata";100894;"Animalia";"Cnidaria";"Anthozoa";"Actiniaria";"Edwardsiidae";"Edwardsia";"Bottom Fauna";"North East Atlantic";"http://marineregions.org/mrgid/5664";"North Atlantic Ocean";"http://marineregions.org/mrgid/1912";"valid";;;;;"unreviewed"
"Edwardsia tuberculata";100894;"Edwardsia tuberculata";100894;"Animalia";"Cnidaria";"Anthozoa";"Actiniaria";"Edwardsiidae";"Edwardsia";"Bottom Fauna";"Swedish Exclusive Economic Zone";"http://marineregions.org/mrgid/5694";"Sweden";"http://marineregions.org/mrgid/2180";"valid";;;;;"unreviewed"
"Halcampa chrysanthellum";100916;"Halcampa chrysanthellum";100916;"Animalia";"Cnidaria";"Anthozoa";"Actiniaria";"Halcampidae";"Halcampa";"Bottom Fauna";"European waters (ERMS scope)";"http://marineregions.org/mrgid/7130";"North Atlantic Ocean";"http://marineregions.org/mrgid/1912";"valid";;;;;"unreviewed"
"Halcampa chrysanthellum";100916;"Halcampa chrysanthellum";100916;"Animalia";"Cnidaria";"Anthozoa";"Actiniaria";"Halcampidae";"Halcampa";"Bottom Fauna";"Arctic Ocean";"http://marineregions.org/mrgid/1906";"Arctic Ocean";"http://marineregions.org/mrgid/1906";"valid";;;;;"unreviewed"
"Halcampa chrysanthellum";100916;"Halcampa chrysanthellum";100916;"Animalia";"Cnidaria";"Anthozoa";"Actiniaria";"Halcampidae";"Halcampa";"Bottom Fauna";"North East Atlantic";"http://marineregions.org/mrgid/5664";"North Atlantic Ocean";"http://marineregions.org/mrgid/1912";"valid";;;;;"unreviewed"
"Halcampa chrysanthellum";100916;"Halcampa chrysanthellum";100916;"Animalia";"Cnidaria";"Anthozoa";"Actiniaria";"Halcampidae";"Halcampa";"Bottom Fauna";"East North Atlantic";"http://marineregions.org/mrgid/18039";"North Atlantic Ocean";"http://marineregions.org/mrgid/1912";"valid";;;;;"unreviewed"
"Halcampa chrysanthellum";100916;"Halcampa chrysanthellum";100916;"Animalia";"Cnidaria";"Anthozoa";"Actiniaria";"Halcampidae";"Halcampa";"Bottom Fauna";"Arctic Ocean";"http://marineregions.org/mrgid/1906";"Arctic Ocean";"http://marineregions.org/mrgid/1906";"valid";;;;;"unreviewed"
"Halcampa chrysanthellum";100916;"Halcampa chrysanthellum";100916;"Animalia";"Cnidaria";"Anthozoa";"Actiniaria";"Halcampidae";"Halcampa";"Bottom Fauna";"Irish Exclusive economic Zone";"http://marineregions.org/mrgid/5681";"Ireland";"http://marineregions.org/mrgid/2114";"valid";;;;;"unreviewed"
"Metridium senile";100982;"Metridium senile";100982;"Animalia";"Cnidaria";"Anthozoa";"Actiniaria";"Metridiidae";"Metridium";"Bottom Fauna";"European waters (ERMS scope)";"http://marineregions.org/mrgid/7130";"North Atlantic Ocean";"http://marineregions.org/mrgid/1912";"valid";;;;;"unreviewed"
"Metridium senile";100982;"Metridium senile";100982;"Animalia";"Cnidaria";"Anthozoa";"Actiniaria";"Metridiidae";"Metridium";"Bottom Fauna";"Arctic Ocean";"http://marineregions.org/mrgid/1906";"Arctic Ocean";"http://marineregions.org/mrgid/1906";"valid";;;;;"unreviewed"
"Metridium senile";100982;"Metridium senile";100982;"Animalia";"Cnidaria";"Anthozoa";"Actiniaria";"Metridiidae";"Metridium";"Bottom Fauna";"North West Atlantic";"http://marineregions.org/mrgid/7135";"North Atlantic Ocean";"http://marineregions.org/mrgid/1912";"valid";;;;;"unreviewed"
"Metridium senile";100982;"Metridium senile";100982;"Animalia";"Cnidaria";"Anthozoa";"Actiniaria";"Metridiidae";"Metridium";"Bottom Fauna";"Belgian Exclusive Economic Zone";"http://marineregions.org/mrgid/3293";"Belgium";"http://marineregions.org/mrgid/14";"valid";;;;;"unreviewed"
"Metridium senile";100982;"Metridium senile";100982;"Animalia";"Cnidaria";"Anthozoa";"Actiniaria";"Metridiidae";"Metridium";"Bottom Fauna";"Belgian Exclusive Economic Zone";"http://marineregions.org/mrgid/3293";"Belgium";"http://marineregions.org/mrgid/14";"valid";;;;;"unreviewed"
"Metridium senile";100982;"Metridium senile";100982;"Animalia";"Cnidaria";"Anthozoa";"Actiniaria";"Metridiidae";"Metridium";"Bottom Fauna";"North East Atlantic";"http://marineregions.org/mrgid/5664";"North Atlantic Ocean";"http://marineregions.org/mrgid/1912";"valid";;;;;"unreviewed"
"Metridium senile";100982;"Metridium senile";100982;"Animalia";"Cnidaria";"Anthozoa";"Actiniaria";"Metridiidae";"Metridium";"Bottom Fauna";"Oostende";"http://marineregions.org/mrgid/25";"Belgium";"http://marineregions.org/mrgid/14";"valid";;;;;"unreviewed"
"Metridium senile";100982;"Metridium senile";100982;"Animalia";"Cnidaria";"Anthozoa";"Actiniaria";"Metridiidae";"Metridium";"Bottom Fauna";"Birkenfels (shipwreck)";"http://marineregions.org/mrgid/17401";"Belgium";"http://marineregions.org/mrgid/14";"valid";;;;;"unreviewed"
"Metridium senile";100982;"Metridium senile";100982;"Animalia";"Cnidaria";"Anthozoa";"Actiniaria";"Metridiidae";"Metridium";"Bottom Fauna";"Dutch Exclusive  Economic Zone";"http://marineregions.org/mrgid/5668";"Netherlands";"http://marineregions.org/mrgid/15";"valid";;;;;"unreviewed"
"Metridium senile";100982;"Metridium senile";100982;"Animalia";"Cnidaria";"Anthozoa";"Actiniaria";"Metridiidae";"Metridium";"Bottom Fauna";"Oostende";"http://marineregions.org/mrgid/25";"Belgium";"http://marineregions.org/mrgid/14";"valid";;;;;"unreviewed"
"Metridium senile";100982;"Metridium senile";100982;"Animalia";"Cnidaria";"Anthozoa";"Actiniaria";"Metridiidae";"Metridium";"Bottom Fauna";"Oostende";"http://marineregions.org/mrgid/25";"Belgium";"http://marineregions.org/mrgid/14";"valid";;;;;"unreviewed"
"Metridium senile";100982;"Metridium senile";100982;"Animalia";"Cnidaria";"Anthozoa";"Actiniaria";"Metridiidae";"Metridium";"Bottom Fauna";"Wimereux";"http://marineregions.org/mrgid/979";"France";"http://marineregions.org/mrgid/17";"valid";;;;;"unreviewed"
"Metridium senile";100982;"Metridium senile";100982;"Animalia";"Cnidaria";"Anthozoa";"Actiniaria";"Metridiidae";"Metridium";"Bottom Fauna";"Northern North Atlantic";"http://marineregions.org/mrgid/18040";"North Atlantic Ocean";"http://marineregions.org/mrgid/1912";"valid";;;;;"unreviewed"
"Metridium senile";100982;"Metridium senile";100982;"Animalia";"Cnidaria";"Anthozoa";"Actiniaria";"Metridiidae";"Metridium";"Bottom Fauna";"South Africa";"http://marineregions.org/mrgid/18093";;;"valid";;;;;"unreviewed"
"Metridium senile";100982;"Metridium senile";100982;"Animalia";"Cnidaria";"Anthozoa";"Actiniaria";"Metridiidae";"Metridium";"Bottom Fauna";"Northern North Pacific";"http://marineregions.org/mrgid/18064";"North Pacific Ocean";"http://marineregions.org/mrgid/1908";"valid";;;;;"unreviewed"
"Metridium senile";100982;"Metridium senile";100982;"Animalia";"Cnidaria";"Anthozoa";"Actiniaria";"Metridiidae";"Metridium";"Bottom Fauna";"Arctic Ocean";"http://marineregions.org/mrgid/1906";"Arctic Ocean";"http://marineregions.org/mrgid/1906";"valid";;;;;"unreviewed"
"Metridium senile";100982;"Metridium senile";100982;"Animalia";"Cnidaria";"Anthozoa";"Actiniaria";"Metridiidae";"Metridium";"Bottom Fauna";"Cobscook Bay";"http://marineregions.org/mrgid/21555";"Bay of Fundy";"http://marineregions.org/mrgid/4289";"valid";;;;;"unreviewed"
"Metridium senile";100982;"Metridium senile";100982;"Animalia";"Cnidaria";"Anthozoa";"Actiniaria";"Metridiidae";"Metridium";"Bottom Fauna";"Gulf of Maine";"http://marineregions.org/mrgid/8940";"North Atlantic Ocean";"http://marineregions.org/mrgid/1912";"valid";;;;;"unreviewed"
"Metridium senile";100982;"Metridium senile";100982;"Animalia";"Cnidaria";"Anthozoa";"Actiniaria";"Metridiidae";"Metridium";"Bottom Fauna";"Belgian Exclusive Economic Zone";"http://marineregions.org/mrgid/3293";"Belgium";"http://marineregions.org/mrgid/14";"valid";;;;;"unreviewed"
"Metridium senile";100982;"Metridium senile";100982;"Animalia";"Cnidaria";"Anthozoa";"Actiniaria";"Metridiidae";"Metridium";"Bottom Fauna";"Spuikom";"http://marineregions.org/mrgid/5477";"Belgium";"http://marineregions.org/mrgid/14";"valid";;;;;"unreviewed"
"Metridium senile";100982;"Metridium senile";100982;"Animalia";"Cnidaria";"Anthozoa";"Actiniaria";"Metridiidae";"Metridium";"Bottom Fauna";"Irish Exclusive economic Zone";"http://marineregions.org/mrgid/5681";"Ireland";"http://marineregions.org/mrgid/2114";"valid";;;;;"unreviewed"
"Metridium senile";100982;"Metridium senile";100982;"Animalia";"Cnidaria";"Anthozoa";"Actiniaria";"Metridiidae";"Metridium";"Bottom Fauna";"Gulf of St. Lawrence";"http://marineregions.org/mrgid/4290";"Gulf of Saint Lawrence";"http://marineregions.org/mrgid/4290";"valid";;;;;"unreviewed"
"Metridium senile";100982;"Metridium senile";100982;"Animalia";"Cnidaria";"Anthozoa";"Actiniaria";"Metridiidae";"Metridium";"Bottom Fauna";"Swedish Exclusive Economic Zone";"http://marineregions.org/mrgid/5694";"Sweden";"http://marineregions.org/mrgid/2180";"valid";;;;;"unreviewed"
"Metridium senile";100982;"Actinia candida";151543;"Animalia";"Cnidaria";"Anthozoa";"Actiniaria";"Metridiidae";"Metridium";"Bottom Fauna";"Belgian Exclusive Economic Zone";"http://marineregions.org/mrgid/3293";"North Sea";"http://marineregions.org/mrgid/2350";"valid";;;;;"unreviewed"
"Metridium senile";100982;"Paraisometridium pehuensis";290654;"Animalia";"Cnidaria";"Anthozoa";"Actiniaria";"Metridiidae";"Metridium";"Bottom Fauna";"Western South Atlantic";"http://marineregions.org/mrgid/18050";"South Africa";"http://marineregions.org/mrgid/2176";"valid";;;;;"unreviewed"
"Sagartiogeton laceratus";100999;"Sagartiogeton laceratus";100999;"Animalia";"Cnidaria";"Anthozoa";"Actiniaria";"Sagartiidae";"Sagartiogeton";"Bottom Fauna";"European waters (ERMS scope)";"http://marineregions.org/mrgid/7130";"North Atlantic Ocean";"http://marineregions.org/mrgid/1912";"valid";;;;;"unreviewed"
"Sagartiogeton laceratus";100999;"Sagartiogeton laceratus";100999;"Animalia";"Cnidaria";"Anthozoa";"Actiniaria";"Sagartiidae";"Sagartiogeton";"Bottom Fauna";"North East Atlantic";"http://marineregions.org/mrgid/5664";"North Atlantic Ocean";"http://marineregions.org/mrgid/1912";"valid";;;;;"unreviewed"
"Sagartiogeton laceratus";100999;"Sagartiogeton laceratus";100999;"Animalia";"Cnidaria";"Anthozoa";"Actiniaria";"Sagartiidae";"Sagartiogeton";"Bottom Fauna";"Wimereux";"http://marineregions.org/mrgid/979";"France";"http://marineregions.org/mrgid/17";"doubtful";;;;;"unreviewed"
"Sagartiogeton laceratus";100999;"Sagartiogeton laceratus";100999;"Animalia";"Cnidaria";"Anthozoa";"Actiniaria";"Sagartiidae";"Sagartiogeton";"Bottom Fauna";"Belgian Exclusive Economic Zone";"http://marineregions.org/mrgid/3293";"North Sea";"http://marineregions.org/mrgid/2350";"valid";;;;;"unreviewed"
"Sagartiogeton laceratus";100999;"Sagartiogeton laceratus";100999;"Animalia";"Cnidaria";"Anthozoa";"Actiniaria";"Sagartiidae";"Sagartiogeton";"Bottom Fauna";"East North Atlantic";"http://marineregions.org/mrgid/18039";"North Atlantic Ocean";"http://marineregions.org/mrgid/1912";"valid";;;;;"unreviewed"
"Sagartiogeton laceratus";100999;"Sagartiogeton laceratus";100999;"Animalia";"Cnidaria";"Anthozoa";"Actiniaria";"Sagartiidae";"Sagartiogeton";"Bottom Fauna";"Portuguese Exclusive Economic Zone";"http://marineregions.org/mrgid/5688";"North Atlantic Ocean";"http://marineregions.org/mrgid/1912";"valid";;;;;"unreviewed"
"Sagartiogeton laceratus";100999;"Sagartiogeton laceratus";100999;"Animalia";"Cnidaria";"Anthozoa";"Actiniaria";"Sagartiidae";"Sagartiogeton";"Bottom Fauna";"Spanish Exclusive Economic Zone";"http://marineregions.org/mrgid/5693";"Spain";"http://marineregions.org/mrgid/2185";"valid";;;;;"unreviewed"
"Sagartiogeton laceratus";100999;"Sagartiogeton laceratus";100999;"Animalia";"Cnidaria";"Anthozoa";"Actiniaria";"Sagartiidae";"Sagartiogeton";"Bottom Fauna";"Irish Exclusive economic Zone";"http://marineregions.org/mrgid/5681";"Ireland";"http://marineregions.org/mrgid/2114";"valid";;;;;"unreviewed"
"Sagartiogeton laceratus";100999;"Sagartiogeton laceratus";100999;"Animalia";"Cnidaria";"Anthozoa";"Actiniaria";"Sagartiidae";"Sagartiogeton";"Bottom Fauna";"Swedish Exclusive Economic Zone";"http://marineregions.org/mrgid/5694";"Sweden";"http://marineregions.org/mrgid/2180";"valid";;;;;"unreviewed"
"Sagartiogeton laceratus";100999;"Actinothoe laceratus";151548;"Animalia";"Cnidaria";"Anthozoa";"Actiniaria";"Sagartiidae";"Sagartiogeton";"Bottom Fauna";"Belgian Exclusive Economic Zone";"http://marineregions.org/mrgid/3293";"North Sea";"http://marineregions.org/mrgid/2350";"valid";;;;;"unreviewed"
"Pachycerianthus multiplicatus";101013;"Pachycerianthus multiplicatus";101013;"Animalia";"Cnidaria";"Anthozoa";"Spirularia";"Cerianthidae";"Pachycerianthus";"Bottom Fauna";"European waters (ERMS scope)";"http://marineregions.org/mrgid/7130";"North Atlantic Ocean";"http://marineregions.org/mrgid/1912";"valid";;;;;"unreviewed"
"Pachycerianthus multiplicatus";101013;"Pachycerianthus multiplicatus";101013;"Animalia";"Cnidaria";"Anthozoa";"Spirularia";"Cerianthidae";"Pachycerianthus";"Bottom Fauna";"North East Atlantic";"http://marineregions.org/mrgid/5664";"North Atlantic Ocean";"http://marineregions.org/mrgid/1912";"valid";;;;;"unreviewed"
"Pachycerianthus multiplicatus";101013;"Pachycerianthus multiplicatus";101013;"Animalia";"Cnidaria";"Anthozoa";"Spirularia";"Cerianthidae";"Pachycerianthus";"Bottom Fauna";"Irish Exclusive economic Zone";"http://marineregions.org/mrgid/5681";"Ireland";"http://marineregions.org/mrgid/2114";"valid";;;;;"unreviewed"
"Pachycerianthus multiplicatus";101013;"Pachycerianthus multiplicatus";101013;"Animalia";"Cnidaria";"Anthozoa";"Spirularia";"Cerianthidae";"Pachycerianthus";"Bottom Fauna";"Swedish Exclusive Economic Zone";"http://marineregions.org/mrgid/5694";"Sweden";"http://marineregions.org/mrgid/2180";"valid";;;;;"unreviewed"
"Priapulidae";101078;"Priapulidae";101078;"Animalia";"Cephalorhyncha";"Priapulida";"Priapulomorpha";"Priapulidae";;"Bottom Fauna";;;;;;;;;;
"Halicryptus spinulosus";101156;"Halicryptus spinulosus";101156;"Animalia";"Cephalorhyncha";"Priapulida";"Halicryptomorpha";"Halicryptidae";"Halicryptus";"Bottom Fauna";"Arctic Ocean";"http://marineregions.org/mrgid/1906";"Arctic Ocean";"http://marineregions.org/mrgid/1906";"valid";;;;;"unreviewed"
"Halicryptus spinulosus";101156;"Halicryptus spinulosus";101156;"Animalia";"Cephalorhyncha";"Priapulida";"Halicryptomorpha";"Halicryptidae";"Halicryptus";"Bottom Fauna";"European waters (ERMS scope)";"http://marineregions.org/mrgid/7130";"North Atlantic Ocean";"http://marineregions.org/mrgid/1912";"valid";;;;;"unreviewed"
"Halicryptus spinulosus";101156;"Halicryptus spinulosus";101156;"Animalia";"Cephalorhyncha";"Priapulida";"Halicryptomorpha";"Halicryptidae";"Halicryptus";"Bottom Fauna";"Baltic sea";"http://marineregions.org/mrgid/2401";"Baltic Sea";"http://marineregions.org/mrgid/2401";"valid";;;;;"unreviewed"
"Halicryptus spinulosus";101156;"Halicryptus spinulosus";101156;"Animalia";"Cephalorhyncha";"Priapulida";"Halicryptomorpha";"Halicryptidae";"Halicryptus";"Bottom Fauna";"Barents Sea";"http://marineregions.org/mrgid/4247";"Barentsz Sea";"http://marineregions.org/mrgid/4247";"valid";;;;;"unreviewed"
"Halicryptus spinulosus";101156;"Halicryptus spinulosus";101156;"Animalia";"Cephalorhyncha";"Priapulida";"Halicryptomorpha";"Halicryptidae";"Halicryptus";"Bottom Fauna";"North East Atlantic";"http://marineregions.org/mrgid/5664";"North Atlantic Ocean";"http://marineregions.org/mrgid/1912";"valid";;;;;"unreviewed"
"Halicryptus spinulosus";101156;"Halicryptus spinulosus";101156;"Animalia";"Cephalorhyncha";"Priapulida";"Halicryptomorpha";"Halicryptidae";"Halicryptus";"Bottom Fauna";"Danish Exclusive Economic Zone";"http://marineregions.org/mrgid/5674";"Denmark";"http://marineregions.org/mrgid/2157";"valid";;;;;"unreviewed"
"Halicryptus spinulosus";101156;"Halicryptus spinulosus";101156;"Animalia";"Cephalorhyncha";"Priapulida";"Halicryptomorpha";"Halicryptidae";"Halicryptus";"Bottom Fauna";"Greenlandic Exclusive Economic Zone";"http://marineregions.org/mrgid/8438";;;"valid";;;;;"unreviewed"
"Halicryptus spinulosus";101156;"Halicryptus spinulosus";101156;"Animalia";"Cephalorhyncha";"Priapulida";"Halicryptomorpha";"Halicryptidae";"Halicryptus";"Bottom Fauna";"Scandinavia";"http://marineregions.org/mrgid/2184";;;"valid";;;;;"unreviewed"
"Halicryptus spinulosus";101156;"Halicryptus spinulosus";101156;"Animalia";"Cephalorhyncha";"Priapulida";"Halicryptomorpha";"Halicryptidae";"Halicryptus";"Bottom Fauna";"Muuga harbour (Port of Tallinn, Gulf of Finland)";"http://marineregions.org/mrgid/14624";"Estonia";"http://marineregions.org/mrgid/2110";"valid";;;;;"unreviewed"
"Halicryptus spinulosus";101156;"Halicryptus spinulosus";101156;"Animalia";"Cephalorhyncha";"Priapulida";"Halicryptomorpha";"Halicryptidae";"Halicryptus";"Bottom Fauna";"Polish Exclusive Economic Zone";"http://marineregions.org/mrgid/5687";"Baltic Sea";"http://marineregions.org/mrgid/2401";"valid";;;;;"unreviewed"
"Halicryptus spinulosus";101156;"Halicryptus spinulosus";101156;"Animalia";"Cephalorhyncha";"Priapulida";"Halicryptomorpha";"Halicryptidae";"Halicryptus";"Bottom Fauna";"Canadian Exclusive Economic Zone [Arctic part]";"http://marineregions.org/mrgid/8776";"Canada";"http://marineregions.org/mrgid/2169";"valid";;;;;"unreviewed"
"Halicryptus spinulosus";101156;"Halicryptus spinulosus";101156;"Animalia";"Cephalorhyncha";"Priapulida";"Halicryptomorpha";"Halicryptidae";"Halicryptus";"Bottom Fauna";"Canadian Exclusive Economic Zone [Arctic part]";"http://marineregions.org/mrgid/8776";"Canada";"http://marineregions.org/mrgid/2169";"valid";;;;;"unreviewed"
"Halicryptus spinulosus";101156;"Halicryptus spinulosus";101156;"Animalia";"Cephalorhyncha";"Priapulida";"Halicryptomorpha";"Halicryptidae";"Halicryptus";"Bottom Fauna";"Beaufort Sea";"http://marineregions.org/mrgid/4256";"Beaufort Sea";"http://marineregions.org/mrgid/4256";"valid";;;;;"unreviewed"
"Halicryptus spinulosus";101156;"Halicryptus spinulosus";101156;"Animalia";"Cephalorhyncha";"Priapulida";"Halicryptomorpha";"Halicryptidae";"Halicryptus";"Bottom Fauna";"Swedish Exclusive Economic Zone";"http://marineregions.org/mrgid/5694";"Sweden";"http://marineregions.org/mrgid/2180";"valid";;;;;"unreviewed"
"Priapulus caudatus";101160;"Priapulus caudatus";101160;"Animalia";"Cephalorhyncha";"Priapulida";"Priapulomorpha";"Priapulidae";"Priapulus";"Bottom Fauna";"Arctic Ocean";"http://marineregions.org/mrgid/1906";"Arctic Ocean";"http://marineregions.org/mrgid/1906";"valid";;;;;"unreviewed"
"Priapulus caudatus";101160;"Priapulus caudatus";101160;"Animalia";"Cephalorhyncha";"Priapulida";"Priapulomorpha";"Priapulidae";"Priapulus";"Bottom Fauna";"European waters (ERMS scope)";"http://marineregions.org/mrgid/7130";"North Atlantic Ocean";"http://marineregions.org/mrgid/1912";"valid";;;;;"unreviewed"
"Priapulus caudatus";101160;"Priapulus caudatus";101160;"Animalia";"Cephalorhyncha";"Priapulida";"Priapulomorpha";"Priapulidae";"Priapulus";"Bottom Fauna";"North West Atlantic";"http://marineregions.org/mrgid/7135";"North Atlantic Ocean";"http://marineregions.org/mrgid/1912";"valid";;;;;"unreviewed"
"Priapulus caudatus";101160;"Priapulus caudatus";101160;"Animalia";"Cephalorhyncha";"Priapulida";"Priapulomorpha";"Priapulidae";"Priapulus";"Bottom Fauna";"Arctic Ocean";"http://marineregions.org/mrgid/1906";"Arctic Ocean";"http://marineregions.org/mrgid/1906";"valid";;;;;"unreviewed"
"Priapulus caudatus";101160;"Priapulus caudatus";101160;"Animalia";"Cephalorhyncha";"Priapulida";"Priapulomorpha";"Priapulidae";"Priapulus";"Bottom Fauna";"White Sea";"http://marineregions.org/mrgid/4248";"White Sea";"http://marineregions.org/mrgid/4248";"valid";;;;;"unreviewed"
"Priapulus caudatus";101160;"Priapulus caudatus";101160;"Animalia";"Cephalorhyncha";"Priapulida";"Priapulomorpha";"Priapulidae";"Priapulus";"Bottom Fauna";"Baltic sea";"http://marineregions.org/mrgid/2401";"Baltic Sea";"http://marineregions.org/mrgid/2401";"valid";;;;;"unreviewed"
"Priapulus caudatus";101160;"Priapulus caudatus";101160;"Animalia";"Cephalorhyncha";"Priapulida";"Priapulomorpha";"Priapulidae";"Priapulus";"Bottom Fauna";"Barents Sea";"http://marineregions.org/mrgid/4247";"Barentsz Sea";"http://marineregions.org/mrgid/4247";"valid";;;;;"unreviewed"
"Priapulus caudatus";101160;"Priapulus caudatus";101160;"Animalia";"Cephalorhyncha";"Priapulida";"Priapulomorpha";"Priapulidae";"Priapulus";"Bottom Fauna";"North East Atlantic";"http://marineregions.org/mrgid/5664";"North Atlantic Ocean";"http://marineregions.org/mrgid/1912";"valid";;;;;"unreviewed"
"Priapulus caudatus";101160;"Priapulus caudatus";101160;"Animalia";"Cephalorhyncha";"Priapulida";"Priapulomorpha";"Priapulidae";"Priapulus";"Bottom Fauna";"English Channel";"http://marineregions.org/mrgid/2389";"English Channel";"http://marineregions.org/mrgid/2389";"valid";;;;;"unreviewed"
"Priapulus caudatus";101160;"Priapulus caudatus";101160;"Animalia";"Cephalorhyncha";"Priapulida";"Priapulomorpha";"Priapulidae";"Priapulus";"Bottom Fauna";"Danish Exclusive Economic Zone";"http://marineregions.org/mrgid/5674";"Denmark";"http://marineregions.org/mrgid/2157";"valid";;;;;"unreviewed"
"Priapulus caudatus";101160;"Priapulus caudatus";101160;"Animalia";"Cephalorhyncha";"Priapulida";"Priapulomorpha";"Priapulidae";"Priapulus";"Bottom Fauna";"Dunkerque";"http://marineregions.org/mrgid/881";"France";"http://marineregions.org/mrgid/17";"valid";;;;;"unreviewed"
"Priapulus caudatus";101160;"Priapulus caudatus";101160;"Animalia";"Cephalorhyncha";"Priapulida";"Priapulomorpha";"Priapulidae";"Priapulus";"Bottom Fauna";"Greenlandic Exclusive Economic Zone";"http://marineregions.org/mrgid/8438";;;"valid";;;;;"unreviewed"
"Priapulus caudatus";101160;"Priapulus caudatus";101160;"Animalia";"Cephalorhyncha";"Priapulida";"Priapulomorpha";"Priapulidae";"Priapulus";"Bottom Fauna";"Isle of Man";"http://marineregions.org/mrgid/3258";"Irish Sea and St. George's Channel";"http://marineregions.org/mrgid/2357";"valid";;;;;"unreviewed"
"Priapulus caudatus";101160;"Priapulus caudatus";101160;"Animalia";"Cephalorhyncha";"Priapulida";"Priapulomorpha";"Priapulidae";"Priapulus";"Bottom Fauna";"Isle of Wight";"http://marineregions.org/mrgid/3217";"English Channel";"http://marineregions.org/mrgid/2389";"valid";;;;;"unreviewed"
"Priapulus caudatus";101160;"Priapulus caudatus";101160;"Animalia";"Cephalorhyncha";"Priapulida";"Priapulomorpha";"Priapulidae";"Priapulus";"Bottom Fauna";"North West Atlantic";"http://marineregions.org/mrgid/7135";"North Atlantic Ocean";"http://marineregions.org/mrgid/1912";"valid";;;;;"unreviewed"
"Priapulus caudatus";101160;"Priapulus caudatus";101160;"Animalia";"Cephalorhyncha";"Priapulida";"Priapulomorpha";"Priapulidae";"Priapulus";"Bottom Fauna";"Scandinavia";"http://marineregions.org/mrgid/2184";;;"valid";;;;;"unreviewed"
"Priapulus caudatus";101160;"Priapulus caudatus";101160;"Animalia";"Cephalorhyncha";"Priapulida";"Priapulomorpha";"Priapulidae";"Priapulus";"Bottom Fauna";"Spitsbergen";"http://marineregions.org/mrgid/5335";"Greenland Sea";"http://marineregions.org/mrgid/2356";"valid";;;;;"unreviewed"
"Priapulus caudatus";101160;"Priapulus caudatus";101160;"Animalia";"Cephalorhyncha";"Priapulida";"Priapulomorpha";"Priapulidae";"Priapulus";"Bottom Fauna";"Wimereux";"http://marineregions.org/mrgid/979";"France";"http://marineregions.org/mrgid/17";"valid";;;;;"unreviewed"
"Priapulus caudatus";101160;"Priapulus caudatus";101160;"Animalia";"Cephalorhyncha";"Priapulida";"Priapulomorpha";"Priapulidae";"Priapulus";"Bottom Fauna";"Cobscook Bay";"http://marineregions.org/mrgid/21555";"Bay of Fundy";"http://marineregions.org/mrgid/4289";"valid";;;;;"unreviewed"
"Priapulus caudatus";101160;"Priapulus caudatus";101160;"Animalia";"Cephalorhyncha";"Priapulida";"Priapulomorpha";"Priapulidae";"Priapulus";"Bottom Fauna";"Cobscook Bay";"http://marineregions.org/mrgid/21555";"Bay of Fundy";"http://marineregions.org/mrgid/4289";"valid";;;;;"unreviewed"
"Priapulus caudatus";101160;"Priapulus caudatus";101160;"Animalia";"Cephalorhyncha";"Priapulida";"Priapulomorpha";"Priapulidae";"Priapulus";"Bottom Fauna";"Jail Island";"http://marineregions.org/mrgid/21386";"Canada";"http://marineregions.org/mrgid/2169";"valid";;;;;"unreviewed"
"Priapulus caudatus";101160;"Priapulus caudatus";101160;"Animalia";"Cephalorhyncha";"Priapulida";"Priapulomorpha";"Priapulidae";"Priapulus";"Bottom Fauna";"Lime Kiln Bay";"http://marineregions.org/mrgid/21394";"Canada";"http://marineregions.org/mrgid/2169";"valid";;;;;"unreviewed"
"Priapulus caudatus";101160;"Priapulus caudatus";101160;"Animalia";"Cephalorhyncha";"Priapulida";"Priapulomorpha";"Priapulidae";"Priapulus";"Bottom Fauna";"Bliss Harbour";"http://marineregions.org/mrgid/21366";"Canada";"http://marineregions.org/mrgid/2169";"valid";;;;;"unreviewed"
"Priapulus caudatus";101160;"Priapulus caudatus";101160;"Animalia";"Cephalorhyncha";"Priapulida";"Priapulomorpha";"Priapulidae";"Priapulus";"Bottom Fauna";"Gulf of Maine";"http://marineregions.org/mrgid/8940";"North Atlantic Ocean";"http://marineregions.org/mrgid/1912";"valid";;;;;"unreviewed"
"Priapulus caudatus";101160;"Priapulus caudatus";101160;"Animalia";"Cephalorhyncha";"Priapulida";"Priapulomorpha";"Priapulidae";"Priapulus";"Bottom Fauna";"Portuguese Exclusive Economic Zone";"http://marineregions.org/mrgid/5688";"North Atlantic Ocean";"http://marineregions.org/mrgid/1912";"valid";;;;;"unreviewed"
"Priapulus caudatus";101160;"Priapulus caudatus";101160;"Animalia";"Cephalorhyncha";"Priapulida";"Priapulomorpha";"Priapulidae";"Priapulus";"Bottom Fauna";"Spanish Exclusive Economic Zone";"http://marineregions.org/mrgid/5693";"Spain";"http://marineregions.org/mrgid/2185";"valid";;;;;"unreviewed"
"Priapulus caudatus";101160;"Priapulus caudatus";101160;"Animalia";"Cephalorhyncha";"Priapulida";"Priapulomorpha";"Priapulidae";"Priapulus";"Bottom Fauna";"Irish Exclusive economic Zone";"http://marineregions.org/mrgid/5681";"Ireland";"http://marineregions.org/mrgid/2114";"valid";;;;;"unreviewed"
"Priapulus caudatus";101160;"Priapulus caudatus";101160;"Animalia";"Cephalorhyncha";"Priapulida";"Priapulomorpha";"Priapulidae";"Priapulus";"Bottom Fauna";"Canadian Exclusive Economic Zone [Arctic part]";"http://marineregions.org/mrgid/8776";"Canada";"http://marineregions.org/mrgid/2169";"valid";;;;;"unreviewed"
"Priapulus caudatus";101160;"Priapulus caudatus";101160;"Animalia";"Cephalorhyncha";"Priapulida";"Priapulomorpha";"Priapulidae";"Priapulus";"Bottom Fauna";"St. Lawrence Estuary";"http://marineregions.org/mrgid/23554";"Gulf of Saint Lawrence";"http://marineregions.org/mrgid/4290";"valid";;;;;"unreviewed"
"Priapulus caudatus";101160;"Priapulus caudatus";101160;"Animalia";"Cephalorhyncha";"Priapulida";"Priapulomorpha";"Priapulidae";"Priapulus";"Bottom Fauna";"Gulf of St. Lawrence";"http://marineregions.org/mrgid/4290";"Gulf of Saint Lawrence";"http://marineregions.org/mrgid/4290";"valid";;;;;"unreviewed"
"Priapulus caudatus";101160;"Priapulus caudatus";101160;"Animalia";"Cephalorhyncha";"Priapulida";"Priapulomorpha";"Priapulidae";"Priapulus";"Bottom Fauna";"Canadian Exclusive Economic Zone [Arctic part]";"http://marineregions.org/mrgid/8776";"Canada";"http://marineregions.org/mrgid/2169";"valid";;;;;"unreviewed"
"Priapulus caudatus";101160;"Priapulus caudatus";101160;"Animalia";"Cephalorhyncha";"Priapulida";"Priapulomorpha";"Priapulidae";"Priapulus";"Bottom Fauna";"Swedish Exclusive Economic Zone";"http://marineregions.org/mrgid/5694";"Sweden";"http://marineregions.org/mrgid/2180";"valid";;;;;"unreviewed"
"Gammaridae";101383;"Gammaridae";101383;"Animalia";"Arthropoda";"Malacostraca";"Amphipoda";"Gammaridae";;"Bottom Fauna";;;;;;;;;;
"Liljeborgiidae";101394;"Liljeborgiidae";101394;"Animalia";"Arthropoda";"Malacostraca";"Amphipoda";"Liljeborgiidae";;"Bottom Fauna";;;;;;;;;;
"Lysianassidae";101395;"Lysianassidae";101395;"Animalia";"Arthropoda";"Malacostraca";"Amphipoda";"Lysianassidae";;"Bottom Fauna";"Canadian Exclusive Economic Zone [Pacific part]";"http://marineregions.org/mrgid/26584";"Canada";"http://marineregions.org/mrgid/2169";"valid";;;;;"unreviewed"
"Lysianassidae";101395;"Lysianassidae";101395;"Animalia";"Arthropoda";"Malacostraca";"Amphipoda";"Lysianassidae";;"Bottom Fauna";"North Pacific";"http://marineregions.org/mrgid/1908";"North Pacific Ocean";"http://marineregions.org/mrgid/1908";"valid";;;;;"unreviewed"
"Lysianassidae";101395;"Lysianassidae";101395;"Animalia";"Arthropoda";"Malacostraca";"Amphipoda";"Lysianassidae";;"Bottom Fauna";"North East Pacific";"http://marineregions.org/mrgid/17965";;;"valid";;;;;"unreviewed"
"Lysianassidae";101395;"Lysianassidae";101395;"Animalia";"Arthropoda";"Malacostraca";"Amphipoda";"Lysianassidae";;"Bottom Fauna";"FAO fishing area 67";"http://marineregions.org/mrgid/8744";;;"valid";;;;;"unreviewed"
"Oedicerotidae";101400;"Oedicerotidae";101400;"Animalia";"Arthropoda";"Malacostraca";"Amphipoda";"Oedicerotidae";;"Bottom Fauna";;;;;;;;;;
"Podoceridae";101405;"Podoceridae";101405;"Animalia";"Arthropoda";"Malacostraca";"Amphipoda";"Podoceridae";;"Bottom Fauna";;;;;;;;;;
"Synopiidae";101410;"Synopiidae";101410;"Animalia";"Arthropoda";"Malacostraca";"Amphipoda";"Synopiidae";;"Bottom Fauna";;;;;;;;;;
"Caprella";101430;"Caprella";101430;"Animalia";"Arthropoda";"Malacostraca";"Amphipoda";"Caprellidae";"Caprella";"Bottom Fauna";"Canadian Exclusive Economic Zone [Pacific part]";"http://marineregions.org/mrgid/26584";"Canada";"http://marineregions.org/mrgid/2169";"valid";;;;;"unreviewed"
"Caprella";101430;"Caprella";101430;"Animalia";"Arthropoda";"Malacostraca";"Amphipoda";"Caprellidae";"Caprella";"Bottom Fauna";"North Pacific";"http://marineregions.org/mrgid/1908";"North Pacific Ocean";"http://marineregions.org/mrgid/1908";"valid";;;;;"unreviewed"
"Caprella";101430;"Caprella";101430;"Animalia";"Arthropoda";"Malacostraca";"Amphipoda";"Caprellidae";"Caprella";"Bottom Fauna";"North East Pacific";"http://marineregions.org/mrgid/17965";;;"valid";;;;;"unreviewed"
"Caprella";101430;"Caprella";101430;"Animalia";"Arthropoda";"Malacostraca";"Amphipoda";"Caprellidae";"Caprella";"Bottom Fauna";"FAO fishing area 67";"http://marineregions.org/mrgid/8744";;;"valid";;;;;"unreviewed"
"Ampelisca";101445;"Ampelisca";101445;"Animalia";"Arthropoda";"Malacostraca";"Amphipoda";"Ampeliscidae";"Ampelisca";"Bottom Fauna";"Red Sea";"http://marineregions.org/mrgid/4264";"Red Sea";"http://marineregions.org/mrgid/4264";"valid";;;;;"unreviewed"
"Leptocheirus";101470;"Leptocheirus";101470;"Animalia";"Arthropoda";"Malacostraca";"Amphipoda";"Corophiidae";"Leptocheirus";"Bottom Fauna";"West Coast of Norway";"http://marineregions.org/mrgid/14297";"Norway";"http://marineregions.org/mrgid/2252";"valid";;;;;"unreviewed"
"Microdeutopus";101471;"Microdeutopus";101471;"Animalia";"Arthropoda";"Malacostraca";"Amphipoda";"Aoridae";"Microdeutopus";"Bottom Fauna";"West Coast of Norway";"http://marineregions.org/mrgid/14297";"Norway";"http://marineregions.org/mrgid/2252";"valid";;;;;"checked"
"Microdeutopus";101471;"Microdeutopus";101471;"Animalia";"Arthropoda";"Malacostraca";"Amphipoda";"Aoridae";"Microdeutopus";"Bottom Fauna";"Banc d'Arguin";"http://marineregions.org/mrgid/5071";"North Atlantic Ocean";"http://marineregions.org/mrgid/1912";"valid";;;;;"checked"
"Corophium";101489;"Corophium";101489;"Animalia";"Arthropoda";"Malacostraca";"Amphipoda";"Corophiidae";"Corophium";"Bottom Fauna";"Belgian Exclusive Economic Zone";"http://marineregions.org/mrgid/3293";"North Sea";"http://marineregions.org/mrgid/2350";"valid";;;;;"unreviewed"
"Apherusa";101509;"Apherusa";101509;"Animalia";"Arthropoda";"Malacostraca";"Amphipoda";"Calliopiidae";"Apherusa";"Bottom Fauna";"West Coast of Norway";"http://marineregions.org/mrgid/14297";"Norway";"http://marineregions.org/mrgid/2252";"valid";;;;;"unreviewed"
"Apherusa";101509;"Apherusa";101509;"Animalia";"Arthropoda";"Malacostraca";"Amphipoda";"Calliopiidae";"Apherusa";"Bottom Fauna";"Canadian Exclusive Economic Zone [Arctic part]";"http://marineregions.org/mrgid/8776";"Canada";"http://marineregions.org/mrgid/2169";"valid";;;;;"unreviewed"
"Calliopius";101511;"Calliopius";101511;"Animalia";"Arthropoda";"Malacostraca";"Amphipoda";"Calliopiidae";"Calliopius";"Bottom Fauna";;;;;;;;;;
"Eusirus";101519;"Eusirus";101519;"Animalia";"Arthropoda";"Malacostraca";"Amphipoda";"Eusiridae";"Eusirus";"Bottom Fauna";;;;;;;;;;
"Gammarus";101537;"Gammarus";101537;"Animalia";"Arthropoda";"Malacostraca";"Amphipoda";"Gammaridae";"Gammarus";"Bottom Fauna";"Belgian Exclusive Economic Zone";"http://marineregions.org/mrgid/3293";"Belgium";"http://marineregions.org/mrgid/14";"valid";;;;;"unreviewed"
"Gammarus";101537;"Gammarus";101537;"Animalia";"Arthropoda";"Malacostraca";"Amphipoda";"Gammaridae";"Gammarus";"Bottom Fauna";"Oostende";"http://marineregions.org/mrgid/25";"Belgium";"http://marineregions.org/mrgid/14";"valid";;;;;"unreviewed"
"Ericthonius";101567;"Ericthonius";101567;"Animalia";"Arthropoda";"Malacostraca";"Amphipoda";"Ischyroceridae";"Ericthonius";"Bottom Fauna";"West Coast of Norway";"http://marineregions.org/mrgid/14297";"Norway";"http://marineregions.org/mrgid/2252";"valid";;;;;"unreviewed"
"Ischyrocerus";101569;"Ischyrocerus";101569;"Animalia";"Arthropoda";"Malacostraca";"Amphipoda";"Ischyroceridae";"Ischyrocerus";"Bottom Fauna";"Canadian Exclusive Economic Zone [Arctic part]";"http://marineregions.org/mrgid/8776";"Canada";"http://marineregions.org/mrgid/2169";"valid";;;;;"unreviewed"
"Jassa";101571;"Jassa";101571;"Animalia";"Arthropoda";"Malacostraca";"Amphipoda";"Ischyroceridae";"Jassa";"Bottom Fauna";;;;;;;;;;
"Orchomenella";101634;"Orchomenella";101634;"Animalia";"Arthropoda";"Malacostraca";"Amphipoda";"Tryphosidae";"Orchomenella";"Bottom Fauna";;;;;;;;;;
"Tryphosa";101660;"Tryphosa";101660;"Animalia";"Arthropoda";"Malacostraca";"Amphipoda";"Tryphosidae";"Tryphosa";"Bottom Fauna";;;;;;;;;;
"Cheirocratus";101669;"Cheirocratus";101669;"Animalia";"Arthropoda";"Malacostraca";"Amphipoda";"Cheirocratidae";"Cheirocratus";"Bottom Fauna";;;;;;;;;;
"Melphidippa";101683;"Melphidippa";101683;"Animalia";"Arthropoda";"Malacostraca";"Amphipoda";"Melphidippidae";"Melphidippa";"Bottom Fauna";;;;;;;;;;
"Monoculodes";101694;"Monoculodes";101694;"Animalia";"Arthropoda";"Malacostraca";"Amphipoda";"Oedicerotidae";"Monoculodes";"Bottom Fauna";;;;;;;;;;
"Synchelidium";101704;"Synchelidium";101704;"Animalia";"Arthropoda";"Malacostraca";"Amphipoda";"Oedicerotidae";"Synchelidium";"Bottom Fauna";;;;;;;;;;
"Pardalisca";101710;"Pardalisca";101710;"Animalia";"Arthropoda";"Malacostraca";"Amphipoda";"Pardaliscidae";"Pardalisca";"Bottom Fauna";;;;;;;;;;
"Pardaliscella";101711;"Pardaliscella";101711;"Animalia";"Arthropoda";"Malacostraca";"Amphipoda";"Pardaliscidae";"Pardaliscella";"Bottom Fauna";;;;;;;;;;
"Harpinia";101716;"Harpinia";101716;"Animalia";"Arthropoda";"Malacostraca";"Amphipoda";"Phoxocephalidae";"Harpinia";"Bottom Fauna";;;;;;;;;;
"Dulichia";101734;"Dulichia";101734;"Animalia";"Arthropoda";"Malacostraca";"Amphipoda";"Dulichiidae";"Dulichia";"Bottom Fauna";;;;;;;;;;
"Dyopedos";101736;"Dyopedos";101736;"Animalia";"Arthropoda";"Malacostraca";"Amphipoda";"Dulichiidae";"Dyopedos";"Bottom Fauna";;;;;;;;;;
"Bathyporeia";101742;"Bathyporeia";101742;"Animalia";"Arthropoda";"Malacostraca";"Amphipoda";"Bathyporeiidae";"Bathyporeia";"Bottom Fauna";"Westerschelde";"http://marineregions.org/mrgid/4752";"North Sea";"http://marineregions.org/mrgid/2350";"valid";;;;;"unreviewed"
"Bathyporeia";101742;"Bathyporeia";101742;"Animalia";"Arthropoda";"Malacostraca";"Amphipoda";"Bathyporeiidae";"Bathyporeia";"Bottom Fauna";"South Africa (country)";"http://marineregions.org/mrgid/2176";"South Africa";"http://marineregions.org/mrgid/2176";"valid";;;;;"unreviewed"
"Bathyporeia";101742;"Bathyporeia";101742;"Animalia";"Arthropoda";"Malacostraca";"Amphipoda";"Bathyporeiidae";"Bathyporeia";"Bottom Fauna";"Belgian Exclusive Economic Zone";"http://marineregions.org/mrgid/3293";"North Sea";"http://marineregions.org/mrgid/2350";"valid";;;;;"unreviewed"
"Metopa";101764;"Metopa";101764;"Animalia";"Arthropoda";"Malacostraca";"Amphipoda";"Stenothoidae";"Metopa";"Bottom Fauna";;;;;;;;;;
"Stenothoe";101770;"Stenothoe";101770;"Animalia";"Arthropoda";"Malacostraca";"Amphipoda";"Stenothoidae";"Stenothoe";"Bottom Fauna";;;;;;;;;;
"Urothoe";101789;"Urothoe";101789;"Animalia";"Arthropoda";"Malacostraca";"Amphipoda";"Urothoidae";"Urothoe";"Bottom Fauna";"Red Sea";"http://marineregions.org/mrgid/4264";"Red Sea";"http://marineregions.org/mrgid/4264";"valid";;;;;"unreviewed"
